Name,Time,Location
row0,10:01 16/02/2024 +08:00,Ipoh Malaysia
row1,10:01 17/02/2024 +08:00,Ipoh Malaysia
row2,10:01 18/02/2024 +08:00,Ipoh Malaysia
row3,10:01 19/02/2024 +08:00,Ipoh Malaysia
row4,10:01 20/02/2024 +08:00,Ipoh Malaysia
row5,10:01 21/02/2024 +08:00,Ipoh Malaysia
row6,10:01 22/02/2024 +08:00,Ipoh Malaysia
row7,10:01 23/02/2024 +08:00,Ipoh Malaysia
row8,10:01 24/02/2024 +08:00,Ipoh Malaysia
row9,10:01 25/02/2024 +08:00,Ipoh Malaysia
row10,10:01 26/02/2024 +08:00,Ipoh Malaysia
row11,10:01 27/02/2024 +08:00,Ipoh Malaysia
row12,10:01 28/02/2024 +08:00,Ipoh Malaysia
row13,10:01 29/02/2024 +08:00,Ipoh Malaysia
row14,10:01 01/03/2024 +08:00,Ipoh Malaysia
row15,10:01 02/03/2024 +08:00,Ipoh Malaysia
row16,10:01 03/03/2024 +08:00,Ipoh Malaysia
row17,10:01 04/03/2024 +08:00,Ipoh Malaysia
row18,10:01 05/03/2024 +08:00,Ipoh Malaysia
row19,10:01 06/03/2024 +08:00,Ipoh Malaysia
row20,10:01 07/03/2024 +08:00,Ipoh Malaysia
row21,10:01 08/03/2024 +08:00,Ipoh Malaysia
row22,10:01 09/03/2024 +08:00,Ipoh Malaysia
row23,10:01 10/03/2024 +08:00,Ipoh Malaysia
row24,10:01 11/03/2024 +08:00,Ipoh Malaysia
row25,10:01 12/03/2024 +08:00,Ipoh Malaysia
row26,10:01 13/03/2024 +08:00,Ipoh Malaysia
row27,10:01 14/03/2024 +08:00,Ipoh Malaysia
row28,10:01 15/03/2024 +08:00,Ipoh Malaysia
row29,10:01 16/03/2024 +08:00,Ipoh Malaysia
row30,10:01 17/03/2024 +08:00,Ipoh Malaysia
row31,10:01 18/03/2024 +08:00,Ipoh Malaysia
row32,10:01 19/03/2024 +08:00,Ipoh Malaysia
row33,10:01 20/03/2024 +08:00,Ipoh Malaysia
row34,10:01 21/03/2024 +08:00,Ipoh Malaysia
row35,10:01 22/03/2024 +08:00,Ipoh Malaysia
row36,10:01 23/03/2024 +08:00,Ipoh Malaysia
row37,10:01 24/03/2024 +08:00,Ipoh Malaysia
row38,10:01 25/03/2024 +08:00,Ipoh Malaysia
row39,10:01 26/03/2024 +08:00,Ipoh Malaysia
row40,10:01 27/03/2024 +08:00,Ipoh Malaysia
row41,10:01 28/03/2024 +08:00,Ipoh Malaysia
row42,10:01 29/03/2024 +08:00,Ipoh Malaysia
row43,10:01 30/03/2024 +08:00,Ipoh Malaysia
row44,10:01 31/03/2024 +08:00,Ipoh Malaysia
row45,10:01 01/04/2024 +08:00,Ipoh Malaysia
row46,10:01 02/04/2024 +08:00,Ipoh Malaysia
row47,10:01 03/04/2024 +08:00,Ipoh Malaysia
row48,10:01 04/04/2024 +08:00,Ipoh Malaysia
row49,10:01 05/04/2024 +08:00,Ipoh Malaysia
row50,10:01 06/04/2024 +08:00,Ipoh Malaysia
row51,10:01 07/04/2024 +08:00,Ipoh Malaysia
row52,10:01 08/04/2024 +08:00,Ipoh Malaysia
row53,10:01 09/04/2024 +08:00,Ipoh Malaysia
row54,10:01 10/04/2024 +08:00,Ipoh Malaysia
row55,10:01 11/04/2024 +08:00,Ipoh Malaysia
row56,10:01 12/04/2024 +08:00,Ipoh Malaysia
row57,10:01 13/04/2024 +08:00,Ipoh Malaysia
row58,10:01 14/04/2024 +08:00,Ipoh Malaysia
row59,10:01 15/04/2024 +08:00,Ipoh Malaysia
row60,10:01 16/04/2024 +08:00,Ipoh Malaysia
row61,10:01 17/04/2024 +08:00,Ipoh Malaysia
row62,10:01 18/04/2024 +08:00,Ipoh Malaysia
row63,10:01 19/04/2024 +08:00,Ipoh Malaysia
row64,10:01 20/04/2024 +08:00,Ipoh Malaysia
row65,10:01 21/04/2024 +08:00,Ipoh Malaysia
row66,10:01 22/04/2024 +08:00,Ipoh Malaysia
row67,10:01 23/04/2024 +08:00,Ipoh Malaysia
row68,10:01 24/04/2024 +08:00,Ipoh Malaysia
row69,10:01 25/04/2024 +08:00,Ipoh Malaysia
row70,10:01 26/04/2024 +08:00,Ipoh Malaysia
row71,10:01 27/04/2024 +08:00,Ipoh Malaysia
row72,10:01 28/04/2024 +08:00,Ipoh Malaysia
row73,10:01 29/04/2024 +08:00,Ipoh Malaysia
row74,10:01 30/04/2024 +08:00,Ipoh Malaysia
row75,10:01 01/05/2024 +08:00,Ipoh Malaysia
row76,10:01 02/05/2024 +08:00,Ipoh Malaysia
row77,10:01 03/05/2024 +08:00,Ipoh Malaysia
row78,10:01 04/05/2024 +08:00,Ipoh Malaysia
row79,10:01 05/05/2024 +08:00,Ipoh Malaysia
row80,10:01 06/05/2024 +08:00,Ipoh Malaysia
row81,10:01 07/05/2024 +08:00,Ipoh Malaysia
row82,10:01 08/05/2024 +08:00,Ipoh Malaysia
row83,10:01 09/05/2024 +08:00,Ipoh Malaysia
row84,10:01 10/05/2024 +08:00,Ipoh Malaysia
row85,10:01 11/05/2024 +08:00,Ipoh Malaysia
row86,10:01 12/05/2024 +08:00,Ipoh Malaysia
row87,10:01 13/05/2024 +08:00,Ipoh Malaysia
row88,10:01 14/05/2024 +08:00,Ipoh Malaysia
row89,10:01 15/05/2024 +08:00,Ipoh Malaysia
row90,10:01 16/05/2024 +08:00,Ipoh Malaysia
row91,10:01 17/05/2024 +08:00,Ipoh Malaysia
row92,10:01 18/05/2024 +08:00,Ipoh Malaysia
row93,10:01 19/05/2024 +08:00,Ipoh Malaysia
row94,10:01 20/05/2024 +08:00,Ipoh Malaysia
row95,10:01 21/05/2024 +08:00,Ipoh Malaysia
row96,10:01 22/05/2024 +08:00,Ipoh Malaysia
row97,10:01 23/05/2024 +08:00,Ipoh Malaysia
row98,10:01 24/05/2024 +08:00,Ipoh Malaysia
row99,10:01 25/05/2024 +08:00,Ipoh Malaysia
row100,10:01 26/05/2024 +08:00,Ipoh Malaysia
row101,10:01 27/05/2024 +08:00,Ipoh Malaysia
row102,10:01 28/05/2024 +08:00,Ipoh Malaysia
row103,10:01 29/05/2024 +08:00,Ipoh Malaysia
row104,10:01 30/05/2024 +08:00,Ipoh Malaysia
row105,10:01 31/05/2024 +08:00,Ipoh Malaysia
row106,10:01 01/06/2024 +08:00,Ipoh Malaysia
row107,10:01 02/06/2024 +08:00,Ipoh Malaysia
row108,10:01 03/06/2024 +08:00,Ipoh Malaysia
row109,10:01 04/06/2024 +08:00,Ipoh Malaysia
row110,10:01 05/06/2024 +08:00,Ipoh Malaysia
row111,10:01 06/06/2024 +08:00,Ipoh Malaysia
row112,10:01 07/06/2024 +08:00,Ipoh Malaysia
row113,10:01 08/06/2024 +08:00,Ipoh Malaysia
row114,10:01 09/06/2024 +08:00,Ipoh Malaysia
row115,10:01 10/06/2024 +08:00,Ipoh Malaysia
row116,10:01 11/06/2024 +08:00,Ipoh Malaysia
row117,10:01 12/06/2024 +08:00,Ipoh Malaysia
row118,10:01 13/06/2024 +08:00,Ipoh Malaysia
row119,10:01 14/06/2024 +08:00,Ipoh Malaysia
row120,10:01 15/06/2024 +08:00,Ipoh Malaysia
row121,10:01 16/06/2024 +08:00,Ipoh Malaysia
row122,10:01 17/06/2024 +08:00,Ipoh Malaysia
row123,10:01 18/06/2024 +08:00,Ipoh Malaysia
row124,10:01 19/06/2024 +08:00,Ipoh Malaysia
row125,10:01 20/06/2024 +08:00,Ipoh Malaysia
row126,10:01 21/06/2024 +08:00,Ipoh Malaysia
row127,10:01 22/06/2024 +08:00,Ipoh Malaysia
row128,10:01 23/06/2024 +08:00,Ipoh Malaysia
row129,10:01 24/06/2024 +08:00,Ipoh Malaysia
row130,10:01 25/06/2024 +08:00,Ipoh Malaysia
row131,10:01 26/06/2024 +08:00,Ipoh Malaysia
row132,10:01 27/06/2024 +08:00,Ipoh Malaysia
row133,10:01 28/06/2024 +08:00,Ipoh Malaysia
row134,10:01 29/06/2024 +08:00,Ipoh Malaysia
row135,10:01 30/06/2024 +08:00,Ipoh Malaysia
row136,10:01 01/07/2024 +08:00,Ipoh Malaysia
row137,10:01 02/07/2024 +08:00,Ipoh Malaysia
row138,10:01 03/07/2024 +08:00,Ipoh Malaysia
row139,10:01 04/07/2024 +08:00,Ipoh Malaysia
row140,10:01 05/07/2024 +08:00,Ipoh Malaysia
row141,10:01 06/07/2024 +08:00,Ipoh Malaysia
row142,10:01 07/07/2024 +08:00,Ipoh Malaysia
row143,10:01 08/07/2024 +08:00,Ipoh Malaysia
row144,10:01 09/07/2024 +08:00,Ipoh Malaysia
row145,10:01 10/07/2024 +08:00,Ipoh Malaysia
row146,10:01 11/07/2024 +08:00,Ipoh Malaysia
row147,10:01 12/07/2024 +08:00,Ipoh Malaysia
row148,10:01 13/07/2024 +08:00,Ipoh Malaysia
row149,10:01 14/07/2024 +08:00,Ipoh Malaysia
row150,10:01 15/07/2024 +08:00,Ipoh Malaysia
row151,10:01 16/07/2024 +08:00,Ipoh Malaysia
row152,10:01 17/07/2024 +08:00,Ipoh Malaysia
row153,10:01 18/07/2024 +08:00,Ipoh Malaysia
row154,10:01 19/07/2024 +08:00,Ipoh Malaysia
row155,10:01 20/07/2024 +08:00,Ipoh Malaysia
row156,10:01 21/07/2024 +08:00,Ipoh Malaysia
row157,10:01 22/07/2024 +08:00,Ipoh Malaysia
row158,10:01 23/07/2024 +08:00,Ipoh Malaysia
row159,10:01 24/07/2024 +08:00,Ipoh Malaysia
row160,10:01 25/07/2024 +08:00,Ipoh Malaysia
row161,10:01 26/07/2024 +08:00,Ipoh Malaysia
row162,10:01 27/07/2024 +08:00,Ipoh Malaysia
row163,10:01 28/07/2024 +08:00,Ipoh Malaysia
row164,10:01 29/07/2024 +08:00,Ipoh Malaysia
row165,10:01 30/07/2024 +08:00,Ipoh Malaysia
row166,10:01 31/07/2024 +08:00,Ipoh Malaysia
row167,10:01 01/08/2024 +08:00,Ipoh Malaysia
row168,10:01 02/08/2024 +08:00,Ipoh Malaysia
row169,10:01 03/08/2024 +08:00,Ipoh Malaysia
row170,10:01 04/08/2024 +08:00,Ipoh Malaysia
row171,10:01 05/08/2024 +08:00,Ipoh Malaysia
row172,10:01 06/08/2024 +08:00,Ipoh Malaysia
row173,10:01 07/08/2024 +08:00,Ipoh Malaysia
row174,10:01 08/08/2024 +08:00,Ipoh Malaysia
row175,10:01 09/08/2024 +08:00,Ipoh Malaysia
row176,10:01 10/08/2024 +08:00,Ipoh Malaysia
row177,10:01 11/08/2024 +08:00,Ipoh Malaysia
row178,10:01 12/08/2024 +08:00,Ipoh Malaysia
row179,10:01 13/08/2024 +08:00,Ipoh Malaysia
row180,10:01 14/08/2024 +08:00,Ipoh Malaysia
row181,10:01 15/08/2024 +08:00,Ipoh Malaysia
row182,10:01 16/08/2024 +08:00,Ipoh Malaysia
row183,10:01 17/08/2024 +08:00,Ipoh Malaysia
row184,10:01 18/08/2024 +08:00,Ipoh Malaysia
row185,10:01 19/08/2024 +08:00,Ipoh Malaysia
row186,10:01 20/08/2024 +08:00,Ipoh Malaysia
row187,10:01 21/08/2024 +08:00,Ipoh Malaysia
row188,10:01 22/08/2024 +08:00,Ipoh Malaysia
row189,10:01 23/08/2024 +08:00,Ipoh Malaysia
row190,10:01 24/08/2024 +08:00,Ipoh Malaysia
row191,10:01 25/08/2024 +08:00,Ipoh Malaysia
row192,10:01 26/08/2024 +08:00,Ipoh Malaysia
row193,10:01 27/08/2024 +08:00,Ipoh Malaysia
row194,10:01 28/08/2024 +08:00,Ipoh Malaysia
row195,10:01 29/08/2024 +08:00,Ipoh Malaysia
row196,10:01 30/08/2024 +08:00,Ipoh Malaysia
row197,10:01 31/08/2024 +08:00,Ipoh Malaysia
row198,10:01 01/09/2024 +08:00,Ipoh Malaysia
row199,10:01 02/09/2024 +08:00,Ipoh Malaysia
row200,10:01 03/09/2024 +08:00,Ipoh Malaysia
row201,10:01 04/09/2024 +08:00,Ipoh Malaysia
row202,10:01 05/09/2024 +08:00,Ipoh Malaysia
row203,10:01 06/09/2024 +08:00,Ipoh Malaysia
row204,10:01 07/09/2024 +08:00,Ipoh Malaysia
row205,10:01 08/09/2024 +08:00,Ipoh Malaysia
row206,10:01 09/09/2024 +08:00,Ipoh Malaysia
row207,10:01 10/09/2024 +08:00,Ipoh Malaysia
row208,10:01 11/09/2024 +08:00,Ipoh Malaysia
row209,10:01 12/09/2024 +08:00,Ipoh Malaysia
row210,10:01 13/09/2024 +08:00,Ipoh Malaysia
row211,10:01 14/09/2024 +08:00,Ipoh Malaysia
row212,10:01 15/09/2024 +08:00,Ipoh Malaysia
row213,10:01 16/09/2024 +08:00,Ipoh Malaysia
row214,10:01 17/09/2024 +08:00,Ipoh Malaysia
row215,10:01 18/09/2024 +08:00,Ipoh Malaysia
row216,10:01 19/09/2024 +08:00,Ipoh Malaysia
row217,10:01 20/09/2024 +08:00,Ipoh Malaysia
row218,10:01 21/09/2024 +08:00,Ipoh Malaysia
row219,10:01 22/09/2024 +08:00,Ipoh Malaysia
row220,10:01 23/09/2024 +08:00,Ipoh Malaysia
row221,10:01 24/09/2024 +08:00,Ipoh Malaysia
row222,10:01 25/09/2024 +08:00,Ipoh Malaysia
row223,10:01 26/09/2024 +08:00,Ipoh Malaysia
row224,10:01 27/09/2024 +08:00,Ipoh Malaysia
row225,10:01 28/09/2024 +08:00,Ipoh Malaysia
row226,10:01 29/09/2024 +08:00,Ipoh Malaysia
row227,10:01 30/09/2024 +08:00,Ipoh Malaysia
row228,10:01 01/10/2024 +08:00,Ipoh Malaysia
row229,10:01 02/10/2024 +08:00,Ipoh Malaysia
row230,10:01 03/10/2024 +08:00,Ipoh Malaysia
row231,10:01 04/10/2024 +08:00,Ipoh Malaysia
row232,10:01 05/10/2024 +08:00,Ipoh Malaysia
row233,10:01 06/10/2024 +08:00,Ipoh Malaysia
row234,10:01 07/10/2024 +08:00,Ipoh Malaysia
row235,10:01 08/10/2024 +08:00,Ipoh Malaysia
row236,10:01 09/10/2024 +08:00,Ipoh Malaysia
row237,10:01 10/10/2024 +08:00,Ipoh Malaysia
row238,10:01 11/10/2024 +08:00,Ipoh Malaysia
row239,10:01 12/10/2024 +08:00,Ipoh Malaysia
row240,10:01 13/10/2024 +08:00,Ipoh Malaysia
row241,10:01 14/10/2024 +08:00,Ipoh Malaysia
row242,10:01 15/10/2024 +08:00,Ipoh Malaysia
row243,10:01 16/10/2024 +08:00,Ipoh Malaysia
row244,10:01 17/10/2024 +08:00,Ipoh Malaysia
row245,10:01 18/10/2024 +08:00,Ipoh Malaysia
row246,10:01 19/10/2024 +08:00,Ipoh Malaysia
row247,10:01 20/10/2024 +08:00,Ipoh Malaysia
row248,10:01 21/10/2024 +08:00,Ipoh Malaysia
row249,10:01 22/10/2024 +08:00,Ipoh Malaysia
row250,10:01 23/10/2024 +08:00,Ipoh Malaysia
row251,10:01 24/10/2024 +08:00,Ipoh Malaysia
row252,10:01 25/10/2024 +08:00,Ipoh Malaysia
row253,10:01 26/10/2024 +08:00,Ipoh Malaysia
row254,10:01 27/10/2024 +08:00,Ipoh Malaysia
row255,10:01 28/10/2024 +08:00,Ipoh Malaysia
row256,10:01 29/10/2024 +08:00,Ipoh Malaysia
row257,10:01 30/10/2024 +08:00,Ipoh Malaysia
row258,10:01 31/10/2024 +08:00,Ipoh Malaysia
row259,10:01 01/11/2024 +08:00,Ipoh Malaysia
row260,10:01 02/11/2024 +08:00,Ipoh Malaysia
row261,10:01 03/11/2024 +08:00,Ipoh Malaysia
row262,10:01 04/11/2024 +08:00,Ipoh Malaysia
row263,10:01 05/11/2024 +08:00,Ipoh Malaysia
row264,10:01 06/11/2024 +08:00,Ipoh Malaysia
row265,10:01 07/11/2024 +08:00,Ipoh Malaysia
row266,10:01 08/11/2024 +08:00,Ipoh Malaysia
row267,10:01 09/11/2024 +08:00,Ipoh Malaysia
row268,10:01 10/11/2024 +08:00,Ipoh Malaysia
row269,10:01 11/11/2024 +08:00,Ipoh Malaysia
row270,10:01 12/11/2024 +08:00,Ipoh Malaysia
row271,10:01 13/11/2024 +08:00,Ipoh Malaysia
row272,10:01 14/11/2024 +08:00,Ipoh Malaysia
row273,10:01 15/11/2024 +08:00,Ipoh Malaysia
row274,10:01 16/11/2024 +08:00,Ipoh Malaysia
row275,10:01 17/11/2024 +08:00,Ipoh Malaysia
row276,10:01 18/11/2024 +08:00,Ipoh Malaysia
row277,10:01 19/11/2024 +08:00,Ipoh Malaysia
row278,10:01 20/11/2024 +08:00,Ipoh Malaysia
row279,10:01 21/11/2024 +08:00,Ipoh Malaysia
row280,10:01 22/11/2024 +08:00,Ipoh Malaysia
row281,10:01 23/11/2024 +08:00,Ipoh Malaysia
row282,10:01 24/11/2024 +08:00,Ipoh Malaysia
row283,10:01 25/11/2024 +08:00,Ipoh Malaysia
row284,10:01 26/11/2024 +08:00,Ipoh Malaysia
row285,10:01 27/11/2024 +08:00,Ipoh Malaysia
row286,10:01 28/11/2024 +08:00,Ipoh Malaysia
row287,10:01 29/11/2024 +08:00,Ipoh Malaysia
row288,10:01 30/11/2024 +08:00,Ipoh Malaysia
row289,10:01 01/12/2024 +08:00,Ipoh Malaysia
row290,10:01 02/12/2024 +08:00,Ipoh Malaysia
row291,10:01 03/12/2024 +08:00,Ipoh Malaysia
row292,10:01 04/12/2024 +08:00,Ipoh Malaysia
row293,10:01 05/12/2024 +08:00,Ipoh Malaysia
row294,10:01 06/12/2024 +08:00,Ipoh Malaysia
row295,10:01 07/12/2024 +08:00,Ipoh Malaysia
row296,10:01 08/12/2024 +08:00,Ipoh Malaysia
row297,10:01 09/12/2024 +08:00,Ipoh Malaysia
row298,10:01 10/12/2024 +08:00,Ipoh Malaysia
row299,10:01 11/12/2024 +08:00,Ipoh Malaysia
row300,10:01 12/12/2024 +08:00,Ipoh Malaysia
row301,10:01 13/12/2024 +08:00,Ipoh Malaysia
row302,10:01 14/12/2024 +08:00,Ipoh Malaysia
row303,10:01 15/12/2024 +08:00,Ipoh Malaysia
row304,10:01 16/12/2024 +08:00,Ipoh Malaysia
row305,10:01 17/12/2024 +08:00,Ipoh Malaysia
row306,10:01 18/12/2024 +08:00,Ipoh Malaysia
row307,10:01 19/12/2024 +08:00,Ipoh Malaysia
row308,10:01 20/12/2024 +08:00,Ipoh Malaysia
row309,10:01 21/12/2024 +08:00,Ipoh Malaysia
row310,10:01 22/12/2024 +08:00,Ipoh Malaysia
row311,10:01 23/12/2024 +08:00,Ipoh Malaysia
row312,10:01 24/12/2024 +08:00,Ipoh Malaysia
row313,10:01 25/12/2024 +08:00,Ipoh Malaysia
row314,10:01 26/12/2024 +08:00,Ipoh Malaysia
row315,10:01 27/12/2024 +08:00,Ipoh Malaysia
row316,10:01 28/12/2024 +08:00,Ipoh Malaysia
row317,10:01 29/12/2024 +08:00,Ipoh Malaysia
row318,10:01 30/12/2024 +08:00,Ipoh Malaysia
row319,10:01 31/12/2024 +08:00,Ipoh Malaysia
row320,10:01 01/01/2025 +08:00,Ipoh Malaysia
row321,10:01 02/01/2025 +08:00,Ipoh Malaysia
row322,10:01 03/01/2025 +08:00,Ipoh Malaysia
row323,10:01 04/01/2025 +08:00,Ipoh Malaysia
row324,10:01 05/01/2025 +08:00,Ipoh Malaysia
row325,10:01 06/01/2025 +08:00,Ipoh Malaysia
row326,10:01 07/01/2025 +08:00,Ipoh Malaysia
row327,10:01 08/01/2025 +08:00,Ipoh Malaysia
row328,10:01 09/01/2025 +08:00,Ipoh Malaysia
row329,10:01 10/01/2025 +08:00,Ipoh Malaysia
row330,10:01 11/01/2025 +08:00,Ipoh Malaysia
row331,10:01 12/01/2025 +08:00,Ipoh Malaysia
row332,10:01 13/01/2025 +08:00,Ipoh Malaysia
row333,10:01 14/01/2025 +08:00,Ipoh Malaysia
row334,10:01 15/01/2025 +08:00,Ipoh Malaysia
row335,10:01 16/01/2025 +08:00,Ipoh Malaysia
row336,10:01 17/01/2025 +08:00,Ipoh Malaysia
row337,10:01 18/01/2025 +08:00,Ipoh Malaysia
row338,10:01 19/01/2025 +08:00,Ipoh Malaysia
row339,10:01 20/01/2025 +08:00,Ipoh Malaysia
row340,10:01 21/01/2025 +08:00,Ipoh Malaysia
row341,10:01 22/01/2025 +08:00,Ipoh Malaysia
row342,10:01 23/01/2025 +08:00,Ipoh Malaysia
row343,10:01 24/01/2025 +08:00,Ipoh Malaysia
row344,10:01 25/01/2025 +08:00,Ipoh Malaysia
row345,10:01 26/01/2025 +08:00,Ipoh Malaysia
row346,10:01 27/01/2025 +08:00,Ipoh Malaysia
row347,10:01 28/01/2025 +08:00,Ipoh Malaysia
row348,10:01 29/01/2025 +08:00,Ipoh Malaysia
row349,10:01 30/01/2025 +08:00,Ipoh Malaysia
row350,10:01 31/01/2025 +08:00,Ipoh Malaysia
row351,10:01 01/02/2025 +08:00,Ipoh Malaysia
row352,10:01 02/02/2025 +08:00,Ipoh Malaysia
row353,10:01 03/02/2025 +08:00,Ipoh Malaysia
row354,10:01 04/02/2025 +08:00,Ipoh Malaysia
row355,10:01 05/02/2025 +08:00,Ipoh Malaysia
row356,10:01 06/02/2025 +08:00,Ipoh Malaysia
row357,10:01 07/02/2025 +08:00,Ipoh Malaysia
row358,10:01 08/02/2025 +08:00,Ipoh Malaysia
row359,10:01 09/02/2025 +08:00,Ipoh Malaysia
row360,10:01 10/02/2025 +08:00,Ipoh Malaysia
row361,10:01 11/02/2025 +08:00,Ipoh Malaysia
row362,10:01 12/02/2025 +08:00,Ipoh Malaysia
row363,10:01 13/02/2025 +08:00,Ipoh Malaysia
row364,10:01 14/02/2025 +08:00,Ipoh Malaysia
row365,10:01 15/02/2025 +08:00,Ipoh Malaysia
row366,10:01 16/02/2025 +08:00,Ipoh Malaysia
row367,10:01 17/02/2025 +08:00,Ipoh Malaysia
row368,10:01 18/02/2025 +08:00,Ipoh Malaysia
row369,10:01 19/02/2025 +08:00,Ipoh Malaysia
row370,10:01 20/02/2025 +08:00,Ipoh Malaysia
row371,10:01 21/02/2025 +08:00,Ipoh Malaysia
row372,10:01 22/02/2025 +08:00,Ipoh Malaysia
row373,10:01 23/02/2025 +08:00,Ipoh Malaysia
row374,10:01 24/02/2025 +08:00,Ipoh Malaysia
row375,10:01 25/02/2025 +08:00,Ipoh Malaysia
row376,10:01 26/02/2025 +08:00,Ipoh Malaysia
row377,10:01 27/02/2025 +08:00,Ipoh Malaysia
row378,10:01 28/02/2025 +08:00,Ipoh Malaysia
row379,10:01 01/03/2025 +08:00,Ipoh Malaysia
row380,10:01 02/03/2025 +08:00,Ipoh Malaysia
row381,10:01 03/03/2025 +08:00,Ipoh Malaysia
row382,10:01 04/03/2025 +08:00,Ipoh Malaysia
row383,10:01 05/03/2025 +08:00,Ipoh Malaysia
row384,10:01 06/03/2025 +08:00,Ipoh Malaysia
row385,10:01 07/03/2025 +08:00,Ipoh Malaysia
row386,10:01 08/03/2025 +08:00,Ipoh Malaysia
row387,10:01 09/03/2025 +08:00,Ipoh Malaysia
row388,10:01 10/03/2025 +08:00,Ipoh Malaysia
row389,10:01 11/03/2025 +08:00,Ipoh Malaysia
row390,10:01 12/03/2025 +08:00,Ipoh Malaysia
row391,10:01 13/03/2025 +08:00,Ipoh Malaysia
row392,10:01 14/03/2025 +08:00,Ipoh Malaysia
row393,10:01 15/03/2025 +08:00,Ipoh Malaysia
row394,10:01 16/03/2025 +08:00,Ipoh Malaysia
row395,10:01 17/03/2025 +08:00,Ipoh Malaysia
row396,10:01 18/03/2025 +08:00,Ipoh Malaysia
row397,10:01 19/03/2025 +08:00,Ipoh Malaysia
row398,10:01 20/03/2025 +08:00,Ipoh Malaysia
row399,10:01 21/03/2025 +08:00,Ipoh Malaysia
row400,10:01 22/03/2025 +08:00,Ipoh Malaysia
row401,10:01 23/03/2025 +08:00,Ipoh Malaysia
row402,10:01 24/03/2025 +08:00,Ipoh Malaysia
row403,10:01 25/03/2025 +08:00,Ipoh Malaysia
row404,10:01 26/03/2025 +08:00,Ipoh Malaysia
row405,10:01 27/03/2025 +08:00,Ipoh Malaysia
row406,10:01 28/03/2025 +08:00,Ipoh Malaysia
row407,10:01 29/03/2025 +08:00,Ipoh Malaysia
row408,10:01 30/03/2025 +08:00,Ipoh Malaysia
row409,10:01 31/03/2025 +08:00,Ipoh Malaysia
row410,10:01 01/04/2025 +08:00,Ipoh Malaysia
row411,10:01 02/04/2025 +08:00,Ipoh Malaysia
row412,10:01 03/04/2025 +08:00,Ipoh Malaysia
row413,10:01 04/04/2025 +08:00,Ipoh Malaysia
row414,10:01 05/04/2025 +08:00,Ipoh Malaysia
row415,10:01 06/04/2025 +08:00,Ipoh Malaysia
row416,10:01 07/04/2025 +08:00,Ipoh Malaysia
row417,10:01 08/04/2025 +08:00,Ipoh Malaysia
row418,10:01 09/04/2025 +08:00,Ipoh Malaysia
row419,10:01 10/04/2025 +08:00,Ipoh Malaysia
row420,10:01 11/04/2025 +08:00,Ipoh Malaysia
row421,10:01 12/04/2025 +08:00,Ipoh Malaysia
row422,10:01 13/04/2025 +08:00,Ipoh Malaysia
row423,10:01 14/04/2025 +08:00,Ipoh Malaysia
row424,10:01 15/04/2025 +08:00,Ipoh Malaysia
row425,10:01 16/04/2025 +08:00,Ipoh Malaysia
row426,10:01 17/04/2025 +08:00,Ipoh Malaysia
row427,10:01 18/04/2025 +08:00,Ipoh Malaysia
row428,10:01 19/04/2025 +08:00,Ipoh Malaysia
row429,10:01 20/04/2025 +08:00,Ipoh Malaysia
row430,10:01 21/04/2025 +08:00,Ipoh Malaysia
row431,10:01 22/04/2025 +08:00,Ipoh Malaysia
row432,10:01 23/04/2025 +08:00,Ipoh Malaysia
row433,10:01 24/04/2025 +08:00,Ipoh Malaysia
row434,10:01 25/04/2025 +08:00,Ipoh Malaysia
row435,10:01 26/04/2025 +08:00,Ipoh Malaysia
row436,10:01 27/04/2025 +08:00,Ipoh Malaysia
row437,10:01 28/04/2025 +08:00,Ipoh Malaysia
row438,10:01 29/04/2025 +08:00,Ipoh Malaysia
row439,10:01 30/04/2025 +08:00,Ipoh Malaysia
row440,10:01 01/05/2025 +08:00,Ipoh Malaysia
row441,10:01 02/05/2025 +08:00,Ipoh Malaysia
row442,10:01 03/05/2025 +08:00,Ipoh Malaysia
row443,10:01 04/05/2025 +08:00,Ipoh Malaysia
row444,10:01 05/05/2025 +08:00,Ipoh Malaysia
row445,10:01 06/05/2025 +08:00,Ipoh Malaysia
row446,10:01 07/05/2025 +08:00,Ipoh Malaysia
row447,10:01 08/05/2025 +08:00,Ipoh Malaysia
row448,10:01 09/05/2025 +08:00,Ipoh Malaysia
row449,10:01 10/05/2025 +08:00,Ipoh Malaysia
row450,10:01 11/05/2025 +08:00,Ipoh Malaysia
row451,10:01 12/05/2025 +08:00,Ipoh Malaysia
row452,10:01 13/05/2025 +08:00,Ipoh Malaysia
row453,10:01 14/05/2025 +08:00,Ipoh Malaysia
row454,10:01 15/05/2025 +08:00,Ipoh Malaysia
row455,10:01 16/05/2025 +08:00,Ipoh Malaysia
row456,10:01 17/05/2025 +08:00,Ipoh Malaysia
row457,10:01 18/05/2025 +08:00,Ipoh Malaysia
row458,10:01 19/05/2025 +08:00,Ipoh Malaysia
row459,10:01 20/05/2025 +08:00,Ipoh Malaysia
row460,10:01 21/05/2025 +08:00,Ipoh Malaysia
row461,10:01 22/05/2025 +08:00,Ipoh Malaysia
row462,10:01 23/05/2025 +08:00,Ipoh Malaysia
row463,10:01 24/05/2025 +08:00,Ipoh Malaysia
row464,10:01 25/05/2025 +08:00,Ipoh Malaysia
row465,10:01 26/05/2025 +08:00,Ipoh Malaysia
row466,10:01 27/05/2025 +08:00,Ipoh Malaysia
row467,10:01 28/05/2025 +08:00,Ipoh Malaysia
row468,10:01 29/05/2025 +08:00,Ipoh Malaysia
row469,10:01 30/05/2025 +08:00,Ipoh Malaysia
row470,10:01 31/05/2025 +08:00,Ipoh Malaysia
row471,10:01 01/06/2025 +08:00,Ipoh Malaysia
row472,10:01 02/06/2025 +08:00,Ipoh Malaysia
row473,10:01 03/06/2025 +08:00,Ipoh Malaysia
row474,10:01 04/06/2025 +08:00,Ipoh Malaysia
row475,10:01 05/06/2025 +08:00,Ipoh Malaysia
row476,10:01 06/06/2025 +08:00,Ipoh Malaysia
row477,10:01 07/06/2025 +08:00,Ipoh Malaysia
row478,10:01 08/06/2025 +08:00,Ipoh Malaysia
row479,10:01 09/06/2025 +08:00,Ipoh Malaysia
row480,10:01 10/06/2025 +08:00,Ipoh Malaysia
row481,10:01 11/06/2025 +08:00,Ipoh Malaysia
row482,10:01 12/06/2025 +08:00,Ipoh Malaysia
row483,10:01 13/06/2025 +08:00,Ipoh Malaysia
row484,10:01 14/06/2025 +08:00,Ipoh Malaysia
row485,10:01 15/06/2025 +08:00,Ipoh Malaysia
row486,10:01 16/06/2025 +08:00,Ipoh Malaysia
row487,10:01 17/06/2025 +08:00,Ipoh Malaysia
row488,10:01 18/06/2025 +08:00,Ipoh Malaysia
row489,10:01 19/06/2025 +08:00,Ipoh Malaysia
row490,10:01 20/06/2025 +08:00,Ipoh Malaysia
row491,10:01 21/06/2025 +08:00,Ipoh Malaysia
row492,10:01 22/06/2025 +08:00,Ipoh Malaysia
row493,10:01 23/06/2025 +08:00,Ipoh Malaysia
row494,10:01 24/06/2025 +08:00,Ipoh Malaysia
row495,10:01 25/06/2025 +08:00,Ipoh Malaysia
row496,10:01 26/06/2025 +08:00,Ipoh Malaysia
row497,10:01 27/06/2025 +08:00,Ipoh Malaysia
row498,10:01 28/06/2025 +08:00,Ipoh Malaysia
row499,10:01 29/06/2025 +08:00,Ipoh Malaysia
row500,10:01 30/06/2025 +08:00,Ipoh Malaysia
row501,10:01 01/07/2025 +08:00,Ipoh Malaysia
row502,10:01 02/07/2025 +08:00,Ipoh Malaysia
row503,10:01 03/07/2025 +08:00,Ipoh Malaysia
row504,10:01 04/07/2025 +08:00,Ipoh Malaysia
row505,10:01 05/07/2025 +08:00,Ipoh Malaysia
row506,10:01 06/07/2025 +08:00,Ipoh Malaysia
row507,10:01 07/07/2025 +08:00,Ipoh Malaysia
row508,10:01 08/07/2025 +08:00,Ipoh Malaysia
row509,10:01 09/07/2025 +08:00,Ipoh Malaysia
row510,10:01 10/07/2025 +08:00,Ipoh Malaysia
row511,10:01 11/07/2025 +08:00,Ipoh Malaysia
row512,10:01 12/07/2025 +08:00,Ipoh Malaysia
row513,10:01 13/07/2025 +08:00,Ipoh Malaysia
row514,10:01 14/07/2025 +08:00,Ipoh Malaysia
row515,10:01 15/07/2025 +08:00,Ipoh Malaysia
row516,10:01 16/07/2025 +08:00,Ipoh Malaysia
row517,10:01 17/07/2025 +08:00,Ipoh Malaysia
row518,10:01 18/07/2025 +08:00,Ipoh Malaysia
row519,10:01 19/07/2025 +08:00,Ipoh Malaysia
row520,10:01 20/07/2025 +08:00,Ipoh Malaysia
row521,10:01 21/07/2025 +08:00,Ipoh Malaysia
row522,10:01 22/07/2025 +08:00,Ipoh Malaysia
row523,10:01 23/07/2025 +08:00,Ipoh Malaysia
row524,10:01 24/07/2025 +08:00,Ipoh Malaysia
row525,10:01 25/07/2025 +08:00,Ipoh Malaysia
row526,10:01 26/07/2025 +08:00,Ipoh Malaysia
row527,10:01 27/07/2025 +08:00,Ipoh Malaysia
row528,10:01 28/07/2025 +08:00,Ipoh Malaysia
row529,10:01 29/07/2025 +08:00,Ipoh Malaysia
row530,10:01 30/07/2025 +08:00,Ipoh Malaysia
row531,10:01 31/07/2025 +08:00,Ipoh Malaysia
row532,10:01 01/08/2025 +08:00,Ipoh Malaysia
row533,10:01 02/08/2025 +08:00,Ipoh Malaysia
row534,10:01 03/08/2025 +08:00,Ipoh Malaysia
row535,10:01 04/08/2025 +08:00,Ipoh Malaysia
row536,10:01 05/08/2025 +08:00,Ipoh Malaysia
row537,10:01 06/08/2025 +08:00,Ipoh Malaysia
row538,10:01 07/08/2025 +08:00,Ipoh Malaysia
row539,10:01 08/08/2025 +08:00,Ipoh Malaysia
row540,10:01 09/08/2025 +08:00,Ipoh Malaysia
row541,10:01 10/08/2025 +08:00,Ipoh Malaysia
row542,10:01 11/08/2025 +08:00,Ipoh Malaysia
row543,10:01 12/08/2025 +08:00,Ipoh Malaysia
row544,10:01 13/08/2025 +08:00,Ipoh Malaysia
row545,10:01 14/08/2025 +08:00,Ipoh Malaysia
row546,10:01 15/08/2025 +08:00,Ipoh Malaysia
row547,10:01 16/08/2025 +08:00,Ipoh Malaysia
row548,10:01 17/08/2025 +08:00,Ipoh Malaysia
row549,10:01 18/08/2025 +08:00,Ipoh Malaysia
row550,10:01 19/08/2025 +08:00,Ipoh Malaysia
row551,10:01 20/08/2025 +08:00,Ipoh Malaysia
row552,10:01 21/08/2025 +08:00,Ipoh Malaysia
row553,10:01 22/08/2025 +08:00,Ipoh Malaysia
row554,10:01 23/08/2025 +08:00,Ipoh Malaysia
row555,10:01 24/08/2025 +08:00,Ipoh Malaysia
row556,10:01 25/08/2025 +08:00,Ipoh Malaysia
row557,10:01 26/08/2025 +08:00,Ipoh Malaysia
row558,10:01 27/08/2025 +08:00,Ipoh Malaysia
row559,10:01 28/08/2025 +08:00,Ipoh Malaysia
row560,10:01 29/08/2025 +08:00,Ipoh Malaysia
row561,10:01 30/08/2025 +08:00,Ipoh Malaysia
row562,10:01 31/08/2025 +08:00,Ipoh Malaysia
row563,10:01 01/09/2025 +08:00,Ipoh Malaysia
row564,10:01 02/09/2025 +08:00,Ipoh Malaysia
row565,10:01 03/09/2025 +08:00,Ipoh Malaysia
row566,10:01 04/09/2025 +08:00,Ipoh Malaysia
row567,10:01 05/09/2025 +08:00,Ipoh Malaysia
row568,10:01 06/09/2025 +08:00,Ipoh Malaysia
row569,10:01 07/09/2025 +08:00,Ipoh Malaysia
row570,10:01 08/09/2025 +08:00,Ipoh Malaysia
row571,10:01 09/09/2025 +08:00,Ipoh Malaysia
row572,10:01 10/09/2025 +08:00,Ipoh Malaysia
row573,10:01 11/09/2025 +08:00,Ipoh Malaysia
row574,10:01 12/09/2025 +08:00,Ipoh Malaysia
row575,10:01 13/09/2025 +08:00,Ipoh Malaysia
row576,10:01 14/09/2025 +08:00,Ipoh Malaysia
row577,10:01 15/09/2025 +08:00,Ipoh Malaysia
row578,10:01 16/09/2025 +08:00,Ipoh Malaysia
row579,10:01 17/09/2025 +08:00,Ipoh Malaysia
row580,10:01 18/09/2025 +08:00,Ipoh Malaysia
row581,10:01 19/09/2025 +08:00,Ipoh Malaysia
row582,10:01 20/09/2025 +08:00,Ipoh Malaysia
row583,10:01 21/09/2025 +08:00,Ipoh Malaysia
row584,10:01 22/09/2025 +08:00,Ipoh Malaysia
row585,10:01 23/09/2025 +08:00,Ipoh Malaysia
row586,10:01 24/09/2025 +08:00,Ipoh Malaysia
row587,10:01 25/09/2025 +08:00,Ipoh Malaysia
row588,10:01 26/09/2025 +08:00,Ipoh Malaysia
row589,10:01 27/09/2025 +08:00,Ipoh Malaysia
row590,10:01 28/09/2025 +08:00,Ipoh Malaysia
row591,10:01 29/09/2025 +08:00,Ipoh Malaysia
row592,10:01 30/09/2025 +08:00,Ipoh Malaysia
row593,10:01 01/10/2025 +08:00,Ipoh Malaysia
row594,10:01 02/10/2025 +08:00,Ipoh Malaysia
row595,10:01 03/10/2025 +08:00,Ipoh Malaysia
row596,10:01 04/10/2025 +08:00,Ipoh Malaysia
row597,10:01 05/10/2025 +08:00,Ipoh Malaysia
row598,10:01 06/10/2025 +08:00,Ipoh Malaysia
row599,10:01 07/10/2025 +08:00,Ipoh Malaysia
row600,10:01 08/10/2025 +08:00,Ipoh Malaysia
row601,10:01 09/10/2025 +08:00,Ipoh Malaysia
row602,10:01 10/10/2025 +08:00,Ipoh Malaysia
row603,10:01 11/10/2025 +08:00,Ipoh Malaysia
row604,10:01 12/10/2025 +08:00,Ipoh Malaysia
row605,10:01 13/10/2025 +08:00,Ipoh Malaysia
row606,10:01 14/10/2025 +08:00,Ipoh Malaysia
row607,10:01 15/10/2025 +08:00,Ipoh Malaysia
row608,10:01 16/10/2025 +08:00,Ipoh Malaysia
row609,10:01 17/10/2025 +08:00,Ipoh Malaysia
row610,10:01 18/10/2025 +08:00,Ipoh Malaysia
row611,10:01 19/10/2025 +08:00,Ipoh Malaysia
row612,10:01 20/10/2025 +08:00,Ipoh Malaysia
row613,10:01 21/10/2025 +08:00,Ipoh Malaysia
row614,10:01 22/10/2025 +08:00,Ipoh Malaysia
row615,10:01 23/10/2025 +08:00,Ipoh Malaysia
row616,10:01 24/10/2025 +08:00,Ipoh Malaysia
row617,10:01 25/10/2025 +08:00,Ipoh Malaysia
row618,10:01 26/10/2025 +08:00,Ipoh Malaysia
row619,10:01 27/10/2025 +08:00,Ipoh Malaysia
row620,10:01 28/10/2025 +08:00,Ipoh Malaysia
row621,10:01 29/10/2025 +08:00,Ipoh Malaysia
row622,10:01 30/10/2025 +08:00,Ipoh Malaysia
row623,10:01 31/10/2025 +08:00,Ipoh Malaysia
row624,10:01 01/11/2025 +08:00,Ipoh Malaysia
row625,10:01 02/11/2025 +08:00,Ipoh Malaysia
row626,10:01 03/11/2025 +08:00,Ipoh Malaysia
row627,10:01 04/11/2025 +08:00,Ipoh Malaysia
row628,10:01 05/11/2025 +08:00,Ipoh Malaysia
row629,10:01 06/11/2025 +08:00,Ipoh Malaysia
row630,10:01 07/11/2025 +08:00,Ipoh Malaysia
row631,10:01 08/11/2025 +08:00,Ipoh Malaysia
row632,10:01 09/11/2025 +08:00,Ipoh Malaysia
row633,10:01 10/11/2025 +08:00,Ipoh Malaysia
row634,10:01 11/11/2025 +08:00,Ipoh Malaysia
row635,10:01 12/11/2025 +08:00,Ipoh Malaysia
row636,10:01 13/11/2025 +08:00,Ipoh Malaysia
row637,10:01 14/11/2025 +08:00,Ipoh Malaysia
row638,10:01 15/11/2025 +08:00,Ipoh Malaysia
row639,10:01 16/11/2025 +08:00,Ipoh Malaysia
row640,10:01 17/11/2025 +08:00,Ipoh Malaysia
row641,10:01 18/11/2025 +08:00,Ipoh Malaysia
row642,10:01 19/11/2025 +08:00,Ipoh Malaysia
row643,10:01 20/11/2025 +08:00,Ipoh Malaysia
row644,10:01 21/11/2025 +08:00,Ipoh Malaysia
row645,10:01 22/11/2025 +08:00,Ipoh Malaysia
row646,10:01 23/11/2025 +08:00,Ipoh Malaysia
row647,10:01 24/11/2025 +08:00,Ipoh Malaysia
row648,10:01 25/11/2025 +08:00,Ipoh Malaysia
row649,10:01 26/11/2025 +08:00,Ipoh Malaysia
row650,10:01 27/11/2025 +08:00,Ipoh Malaysia
row651,10:01 28/11/2025 +08:00,Ipoh Malaysia
row652,10:01 29/11/2025 +08:00,Ipoh Malaysia
row653,10:01 30/11/2025 +08:00,Ipoh Malaysia
row654,10:01 01/12/2025 +08:00,Ipoh Malaysia
row655,10:01 02/12/2025 +08:00,Ipoh Malaysia
row656,10:01 03/12/2025 +08:00,Ipoh Malaysia
row657,10:01 04/12/2025 +08:00,Ipoh Malaysia
row658,10:01 05/12/2025 +08:00,Ipoh Malaysia
row659,10:01 06/12/2025 +08:00,Ipoh Malaysia
row660,10:01 07/12/2025 +08:00,Ipoh Malaysia
row661,10:01 08/12/2025 +08:00,Ipoh Malaysia
row662,10:01 09/12/2025 +08:00,Ipoh Malaysia
row663,10:01 10/12/2025 +08:00,Ipoh Malaysia
row664,10:01 11/12/2025 +08:00,Ipoh Malaysia
row665,10:01 12/12/2025 +08:00,Ipoh Malaysia
row666,10:01 13/12/2025 +08:00,Ipoh Malaysia
row667,10:01 14/12/2025 +08:00,Ipoh Malaysia
row668,10:01 15/12/2025 +08:00,Ipoh Malaysia
row669,10:01 16/12/2025 +08:00,Ipoh Malaysia
row670,10:01 17/12/2025 +08:00,Ipoh Malaysia
row671,10:01 18/12/2025 +08:00,Ipoh Malaysia
row672,10:01 19/12/2025 +08:00,Ipoh Malaysia
row673,10:01 20/12/2025 +08:00,Ipoh Malaysia
row674,10:01 21/12/2025 +08:00,Ipoh Malaysia
row675,10:01 22/12/2025 +08:00,Ipoh Malaysia
row676,10:01 23/12/2025 +08:00,Ipoh Malaysia
row677,10:01 24/12/2025 +08:00,Ipoh Malaysia
row678,10:01 25/12/2025 +08:00,Ipoh Malaysia
row679,10:01 26/12/2025 +08:00,Ipoh Malaysia
row680,10:01 27/12/2025 +08:00,Ipoh Malaysia
row681,10:01 28/12/2025 +08:00,Ipoh Malaysia
row682,10:01 29/12/2025 +08:00,Ipoh Malaysia
row683,10:01 30/12/2025 +08:00,Ipoh Malaysia
row684,10:01 31/12/2025 +08:00,Ipoh Malaysia
row685,10:01 01/01/2026 +08:00,Ipoh Malaysia
row686,10:01 02/01/2026 +08:00,Ipoh Malaysia
row687,10:01 03/01/2026 +08:00,Ipoh Malaysia
row688,10:01 04/01/2026 +08:00,Ipoh Malaysia
row689,10:01 05/01/2026 +08:00,Ipoh Malaysia
row690,10:01 06/01/2026 +08:00,Ipoh Malaysia
row691,10:01 07/01/2026 +08:00,Ipoh Malaysia
row692,10:01 08/01/2026 +08:00,Ipoh Malaysia
row693,10:01 09/01/2026 +08:00,Ipoh Malaysia
row694,10:01 10/01/2026 +08:00,Ipoh Malaysia
row695,10:01 11/01/2026 +08:00,Ipoh Malaysia
row696,10:01 12/01/2026 +08:00,Ipoh Malaysia
row697,10:01 13/01/2026 +08:00,Ipoh Malaysia
row698,10:01 14/01/2026 +08:00,Ipoh Malaysia
row699,10:01 15/01/2026 +08:00,Ipoh Malaysia
row700,10:01 16/01/2026 +08:00,Ipoh Malaysia
row701,10:01 17/01/2026 +08:00,Ipoh Malaysia
row702,10:01 18/01/2026 +08:00,Ipoh Malaysia
row703,10:01 19/01/2026 +08:00,Ipoh Malaysia
row704,10:01 20/01/2026 +08:00,Ipoh Malaysia
row705,10:01 21/01/2026 +08:00,Ipoh Malaysia
row706,10:01 22/01/2026 +08:00,Ipoh Malaysia
row707,10:01 23/01/2026 +08:00,Ipoh Malaysia
row708,10:01 24/01/2026 +08:00,Ipoh Malaysia
row709,10:01 25/01/2026 +08:00,Ipoh Malaysia
row710,10:01 26/01/2026 +08:00,Ipoh Malaysia
row711,10:01 27/01/2026 +08:00,Ipoh Malaysia
row712,10:01 28/01/2026 +08:00,Ipoh Malaysia
row713,10:01 29/01/2026 +08:00,Ipoh Malaysia
row714,10:01 30/01/2026 +08:00,Ipoh Malaysia
row715,10:01 31/01/2026 +08:00,Ipoh Malaysia
row716,10:01 01/02/2026 +08:00,Ipoh Malaysia
row717,10:01 02/02/2026 +08:00,Ipoh Malaysia
row718,10:01 03/02/2026 +08:00,Ipoh Malaysia
row719,10:01 04/02/2026 +08:00,Ipoh Malaysia
row720,10:01 05/02/2026 +08:00,Ipoh Malaysia
row721,10:01 06/02/2026 +08:00,Ipoh Malaysia
row722,10:01 07/02/2026 +08:00,Ipoh Malaysia
row723,10:01 08/02/2026 +08:00,Ipoh Malaysia
row724,10:01 09/02/2026 +08:00,Ipoh Malaysia
row725,10:01 10/02/2026 +08:00,Ipoh Malaysia
row726,10:01 11/02/2026 +08:00,Ipoh Malaysia
row727,10:01 12/02/2026 +08:00,Ipoh Malaysia
row728,10:01 13/02/2026 +08:00,Ipoh Malaysia
row729,10:01 14/02/2026 +08:00,Ipoh Malaysia
row730,10:01 15/02/2026 +08:00,Ipoh Malaysia
row731,10:01 16/02/2026 +08:00,Ipoh Malaysia
row732,10:01 17/02/2026 +08:00,Ipoh Malaysia
row733,10:01 18/02/2026 +08:00,Ipoh Malaysia
row734,10:01 19/02/2026 +08:00,Ipoh Malaysia
row735,10:01 20/02/2026 +08:00,Ipoh Malaysia
row736,10:01 21/02/2026 +08:00,Ipoh Malaysia
row737,10:01 22/02/2026 +08:00,Ipoh Malaysia
row738,10:01 23/02/2026 +08:00,Ipoh Malaysia
row739,10:01 24/02/2026 +08:00,Ipoh Malaysia
row740,10:01 25/02/2026 +08:00,Ipoh Malaysia
row741,10:01 26/02/2026 +08:00,Ipoh Malaysia
row742,10:01 27/02/2026 +08:00,Ipoh Malaysia
row743,10:01 28/02/2026 +08:00,Ipoh Malaysia
row744,10:01 01/03/2026 +08:00,Ipoh Malaysia
row745,10:01 02/03/2026 +08:00,Ipoh Malaysia
row746,10:01 03/03/2026 +08:00,Ipoh Malaysia
row747,10:01 04/03/2026 +08:00,Ipoh Malaysia
row748,10:01 05/03/2026 +08:00,Ipoh Malaysia
row749,10:01 06/03/2026 +08:00,Ipoh Malaysia
row750,10:01 07/03/2026 +08:00,Ipoh Malaysia
row751,10:01 08/03/2026 +08:00,Ipoh Malaysia
row752,10:01 09/03/2026 +08:00,Ipoh Malaysia
row753,10:01 10/03/2026 +08:00,Ipoh Malaysia
row754,10:01 11/03/2026 +08:00,Ipoh Malaysia
row755,10:01 12/03/2026 +08:00,Ipoh Malaysia
row756,10:01 13/03/2026 +08:00,Ipoh Malaysia
row757,10:01 14/03/2026 +08:00,Ipoh Malaysia
row758,10:01 15/03/2026 +08:00,Ipoh Malaysia
row759,10:01 16/03/2026 +08:00,Ipoh Malaysia
row760,10:01 17/03/2026 +08:00,Ipoh Malaysia
row761,10:01 18/03/2026 +08:00,Ipoh Malaysia
row762,10:01 19/03/2026 +08:00,Ipoh Malaysia
row763,10:01 20/03/2026 +08:00,Ipoh Malaysia
row764,10:01 21/03/2026 +08:00,Ipoh Malaysia
row765,10:01 22/03/2026 +08:00,Ipoh Malaysia
row766,10:01 23/03/2026 +08:00,Ipoh Malaysia
row767,10:01 24/03/2026 +08:00,Ipoh Malaysia
row768,10:01 25/03/2026 +08:00,Ipoh Malaysia
row769,10:01 26/03/2026 +08:00,Ipoh Malaysia
row770,10:01 27/03/2026 +08:00,Ipoh Malaysia
row771,10:01 28/03/2026 +08:00,Ipoh Malaysia
row772,10:01 29/03/2026 +08:00,Ipoh Malaysia
row773,10:01 30/03/2026 +08:00,Ipoh Malaysia
row774,10:01 31/03/2026 +08:00,Ipoh Malaysia
row775,10:01 01/04/2026 +08:00,Ipoh Malaysia
row776,10:01 02/04/2026 +08:00,Ipoh Malaysia
row777,10:01 03/04/2026 +08:00,Ipoh Malaysia
row778,10:01 04/04/2026 +08:00,Ipoh Malaysia
row779,10:01 05/04/2026 +08:00,Ipoh Malaysia
row780,10:01 06/04/2026 +08:00,Ipoh Malaysia
row781,10:01 07/04/2026 +08:00,Ipoh Malaysia
row782,10:01 08/04/2026 +08:00,Ipoh Malaysia
row783,10:01 09/04/2026 +08:00,Ipoh Malaysia
row784,10:01 10/04/2026 +08:00,Ipoh Malaysia
row785,10:01 11/04/2026 +08:00,Ipoh Malaysia
row786,10:01 12/04/2026 +08:00,Ipoh Malaysia
row787,10:01 13/04/2026 +08:00,Ipoh Malaysia
row788,10:01 14/04/2026 +08:00,Ipoh Malaysia
row789,10:01 15/04/2026 +08:00,Ipoh Malaysia
row790,10:01 16/04/2026 +08:00,Ipoh Malaysia
row791,10:01 17/04/2026 +08:00,Ipoh Malaysia
row792,10:01 18/04/2026 +08:00,Ipoh Malaysia
row793,10:01 19/04/2026 +08:00,Ipoh Malaysia
row794,10:01 20/04/2026 +08:00,Ipoh Malaysia
row795,10:01 21/04/2026 +08:00,Ipoh Malaysia
row796,10:01 22/04/2026 +08:00,Ipoh Malaysia
row797,10:01 23/04/2026 +08:00,Ipoh Malaysia
row798,10:01 24/04/2026 +08:00,Ipoh Malaysia
row799,10:01 25/04/2026 +08:00,Ipoh Malaysia
row800,10:01 26/04/2026 +08:00,Ipoh Malaysia
row801,10:01 27/04/2026 +08:00,Ipoh Malaysia
row802,10:01 28/04/2026 +08:00,Ipoh Malaysia
row803,10:01 29/04/2026 +08:00,Ipoh Malaysia
row804,10:01 30/04/2026 +08:00,Ipoh Malaysia
row805,10:01 01/05/2026 +08:00,Ipoh Malaysia
row806,10:01 02/05/2026 +08:00,Ipoh Malaysia
row807,10:01 03/05/2026 +08:00,Ipoh Malaysia
row808,10:01 04/05/2026 +08:00,Ipoh Malaysia
row809,10:01 05/05/2026 +08:00,Ipoh Malaysia
row810,10:01 06/05/2026 +08:00,Ipoh Malaysia
row811,10:01 07/05/2026 +08:00,Ipoh Malaysia
row812,10:01 08/05/2026 +08:00,Ipoh Malaysia
row813,10:01 09/05/2026 +08:00,Ipoh Malaysia
row814,10:01 10/05/2026 +08:00,Ipoh Malaysia
row815,10:01 11/05/2026 +08:00,Ipoh Malaysia
row816,10:01 12/05/2026 +08:00,Ipoh Malaysia
row817,10:01 13/05/2026 +08:00,Ipoh Malaysia
row818,10:01 14/05/2026 +08:00,Ipoh Malaysia
row819,10:01 15/05/2026 +08:00,Ipoh Malaysia
row820,10:01 16/05/2026 +08:00,Ipoh Malaysia
row821,10:01 17/05/2026 +08:00,Ipoh Malaysia
row822,10:01 18/05/2026 +08:00,Ipoh Malaysia
row823,10:01 19/05/2026 +08:00,Ipoh Malaysia
row824,10:01 20/05/2026 +08:00,Ipoh Malaysia
row825,10:01 21/05/2026 +08:00,Ipoh Malaysia
row826,10:01 22/05/2026 +08:00,Ipoh Malaysia
row827,10:01 23/05/2026 +08:00,Ipoh Malaysia
row828,10:01 24/05/2026 +08:00,Ipoh Malaysia
row829,10:01 25/05/2026 +08:00,Ipoh Malaysia
row830,10:01 26/05/2026 +08:00,Ipoh Malaysia
row831,10:01 27/05/2026 +08:00,Ipoh Malaysia
row832,10:01 28/05/2026 +08:00,Ipoh Malaysia
row833,10:01 29/05/2026 +08:00,Ipoh Malaysia
row834,10:01 30/05/2026 +08:00,Ipoh Malaysia
row835,10:01 31/05/2026 +08:00,Ipoh Malaysia
row836,10:01 01/06/2026 +08:00,Ipoh Malaysia
row837,10:01 02/06/2026 +08:00,Ipoh Malaysia
row838,10:01 03/06/2026 +08:00,Ipoh Malaysia
row839,10:01 04/06/2026 +08:00,Ipoh Malaysia
row840,10:01 05/06/2026 +08:00,Ipoh Malaysia
row841,10:01 06/06/2026 +08:00,Ipoh Malaysia
row842,10:01 07/06/2026 +08:00,Ipoh Malaysia
row843,10:01 08/06/2026 +08:00,Ipoh Malaysia
row844,10:01 09/06/2026 +08:00,Ipoh Malaysia
row845,10:01 10/06/2026 +08:00,Ipoh Malaysia
row846,10:01 11/06/2026 +08:00,Ipoh Malaysia
row847,10:01 12/06/2026 +08:00,Ipoh Malaysia
row848,10:01 13/06/2026 +08:00,Ipoh Malaysia
row849,10:01 14/06/2026 +08:00,Ipoh Malaysia
row850,10:01 15/06/2026 +08:00,Ipoh Malaysia
row851,10:01 16/06/2026 +08:00,Ipoh Malaysia
row852,10:01 17/06/2026 +08:00,Ipoh Malaysia
row853,10:01 18/06/2026 +08:00,Ipoh Malaysia
row854,10:01 19/06/2026 +08:00,Ipoh Malaysia
row855,10:01 20/06/2026 +08:00,Ipoh Malaysia
row856,10:01 21/06/2026 +08:00,Ipoh Malaysia
row857,10:01 22/06/2026 +08:00,Ipoh Malaysia
row858,10:01 23/06/2026 +08:00,Ipoh Malaysia
row859,10:01 24/06/2026 +08:00,Ipoh Malaysia
row860,10:01 25/06/2026 +08:00,Ipoh Malaysia
row861,10:01 26/06/2026 +08:00,Ipoh Malaysia
row862,10:01 27/06/2026 +08:00,Ipoh Malaysia
row863,10:01 28/06/2026 +08:00,Ipoh Malaysia
row864,10:01 29/06/2026 +08:00,Ipoh Malaysia
row865,10:01 30/06/2026 +08:00,Ipoh Malaysia
row866,10:01 01/07/2026 +08:00,Ipoh Malaysia
row867,10:01 02/07/2026 +08:00,Ipoh Malaysia
row868,10:01 03/07/2026 +08:00,Ipoh Malaysia
row869,10:01 04/07/2026 +08:00,Ipoh Malaysia
row870,10:01 05/07/2026 +08:00,Ipoh Malaysia
row871,10:01 06/07/2026 +08:00,Ipoh Malaysia
row872,10:01 07/07/2026 +08:00,Ipoh Malaysia
row873,10:01 08/07/2026 +08:00,Ipoh Malaysia
row874,10:01 09/07/2026 +08:00,Ipoh Malaysia
row875,10:01 10/07/2026 +08:00,Ipoh Malaysia
row876,10:01 11/07/2026 +08:00,Ipoh Malaysia
row877,10:01 12/07/2026 +08:00,Ipoh Malaysia
row878,10:01 13/07/2026 +08:00,Ipoh Malaysia
row879,10:01 14/07/2026 +08:00,Ipoh Malaysia
row880,10:01 15/07/2026 +08:00,Ipoh Malaysia
row881,10:01 16/07/2026 +08:00,Ipoh Malaysia
row882,10:01 17/07/2026 +08:00,Ipoh Malaysia
row883,10:01 18/07/2026 +08:00,Ipoh Malaysia
row884,10:01 19/07/2026 +08:00,Ipoh Malaysia
row885,10:01 20/07/2026 +08:00,Ipoh Malaysia
row886,10:01 21/07/2026 +08:00,Ipoh Malaysia
row887,10:01 22/07/2026 +08:00,Ipoh Malaysia
row888,10:01 23/07/2026 +08:00,Ipoh Malaysia
row889,10:01 24/07/2026 +08:00,Ipoh Malaysia
row890,10:01 25/07/2026 +08:00,Ipoh Malaysia
row891,10:01 26/07/2026 +08:00,Ipoh Malaysia
row892,10:01 27/07/2026 +08:00,Ipoh Malaysia
row893,10:01 28/07/2026 +08:00,Ipoh Malaysia
row894,10:01 29/07/2026 +08:00,Ipoh Malaysia
row895,10:01 30/07/2026 +08:00,Ipoh Malaysia
row896,10:01 31/07/2026 +08:00,Ipoh Malaysia
row897,10:01 01/08/2026 +08:00,Ipoh Malaysia
row898,10:01 02/08/2026 +08:00,Ipoh Malaysia
row899,10:01 03/08/2026 +08:00,Ipoh Malaysia
row900,10:01 04/08/2026 +08:00,Ipoh Malaysia
row901,10:01 05/08/2026 +08:00,Ipoh Malaysia
row902,10:01 06/08/2026 +08:00,Ipoh Malaysia
row903,10:01 07/08/2026 +08:00,Ipoh Malaysia
row904,10:01 08/08/2026 +08:00,Ipoh Malaysia
row905,10:01 09/08/2026 +08:00,Ipoh Malaysia
row906,10:01 10/08/2026 +08:00,Ipoh Malaysia
row907,10:01 11/08/2026 +08:00,Ipoh Malaysia
row908,10:01 12/08/2026 +08:00,Ipoh Malaysia
row909,10:01 13/08/2026 +08:00,Ipoh Malaysia
row910,10:01 14/08/2026 +08:00,Ipoh Malaysia
row911,10:01 15/08/2026 +08:00,Ipoh Malaysia
row912,10:01 16/08/2026 +08:00,Ipoh Malaysia
row913,10:01 17/08/2026 +08:00,Ipoh Malaysia
row914,10:01 18/08/2026 +08:00,Ipoh Malaysia
row915,10:01 19/08/2026 +08:00,Ipoh Malaysia
row916,10:01 20/08/2026 +08:00,Ipoh Malaysia
row917,10:01 21/08/2026 +08:00,Ipoh Malaysia
row918,10:01 22/08/2026 +08:00,Ipoh Malaysia
row919,10:01 23/08/2026 +08:00,Ipoh Malaysia
row920,10:01 24/08/2026 +08:00,Ipoh Malaysia
row921,10:01 25/08/2026 +08:00,Ipoh Malaysia
row922,10:01 26/08/2026 +08:00,Ipoh Malaysia
row923,10:01 27/08/2026 +08:00,Ipoh Malaysia
row924,10:01 28/08/2026 +08:00,Ipoh Malaysia
row925,10:01 29/08/2026 +08:00,Ipoh Malaysia
row926,10:01 30/08/2026 +08:00,Ipoh Malaysia
row927,10:01 31/08/2026 +08:00,Ipoh Malaysia
row928,10:01 01/09/2026 +08:00,Ipoh Malaysia
row929,10:01 02/09/2026 +08:00,Ipoh Malaysia
row930,10:01 03/09/2026 +08:00,Ipoh Malaysia
row931,10:01 04/09/2026 +08:00,Ipoh Malaysia
row932,10:01 05/09/2026 +08:00,Ipoh Malaysia
row933,10:01 06/09/2026 +08:00,Ipoh Malaysia
row934,10:01 07/09/2026 +08:00,Ipoh Malaysia
row935,10:01 08/09/2026 +08:00,Ipoh Malaysia
row936,10:01 09/09/2026 +08:00,Ipoh Malaysia
row937,10:01 10/09/2026 +08:00,Ipoh Malaysia
row938,10:01 11/09/2026 +08:00,Ipoh Malaysia
row939,10:01 12/09/2026 +08:00,Ipoh Malaysia
row940,10:01 13/09/2026 +08:00,Ipoh Malaysia
row941,10:01 14/09/2026 +08:00,Ipoh Malaysia
row942,10:01 15/09/2026 +08:00,Ipoh Malaysia
row943,10:01 16/09/2026 +08:00,Ipoh Malaysia
row944,10:01 17/09/2026 +08:00,Ipoh Malaysia
row945,10:01 18/09/2026 +08:00,Ipoh Malaysia
row946,10:01 19/09/2026 +08:00,Ipoh Malaysia
row947,10:01 20/09/2026 +08:00,Ipoh Malaysia
row948,10:01 21/09/2026 +08:00,Ipoh Malaysia
row949,10:01 22/09/2026 +08:00,Ipoh Malaysia
row950,10:01 23/09/2026 +08:00,Ipoh Malaysia
row951,10:01 24/09/2026 +08:00,Ipoh Malaysia
row952,10:01 25/09/2026 +08:00,Ipoh Malaysia
row953,10:01 26/09/2026 +08:00,Ipoh Malaysia
row954,10:01 27/09/2026 +08:00,Ipoh Malaysia
row955,10:01 28/09/2026 +08:00,Ipoh Malaysia
row956,10:01 29/09/2026 +08:00,Ipoh Malaysia
row957,10:01 30/09/2026 +08:00,Ipoh Malaysia
row958,10:01 01/10/2026 +08:00,Ipoh Malaysia
row959,10:01 02/10/2026 +08:00,Ipoh Malaysia
row960,10:01 03/10/2026 +08:00,Ipoh Malaysia
row961,10:01 04/10/2026 +08:00,Ipoh Malaysia
row962,10:01 05/10/2026 +08:00,Ipoh Malaysia
row963,10:01 06/10/2026 +08:00,Ipoh Malaysia
row964,10:01 07/10/2026 +08:00,Ipoh Malaysia
row965,10:01 08/10/2026 +08:00,Ipoh Malaysia
row966,10:01 09/10/2026 +08:00,Ipoh Malaysia
row967,10:01 10/10/2026 +08:00,Ipoh Malaysia
row968,10:01 11/10/2026 +08:00,Ipoh Malaysia
row969,10:01 12/10/2026 +08:00,Ipoh Malaysia
row970,10:01 13/10/2026 +08:00,Ipoh Malaysia
row971,10:01 14/10/2026 +08:00,Ipoh Malaysia
row972,10:01 15/10/2026 +08:00,Ipoh Malaysia
row973,10:01 16/10/2026 +08:00,Ipoh Malaysia
row974,10:01 17/10/2026 +08:00,Ipoh Malaysia
row975,10:01 18/10/2026 +08:00,Ipoh Malaysia
row976,10:01 19/10/2026 +08:00,Ipoh Malaysia
row977,10:01 20/10/2026 +08:00,Ipoh Malaysia
row978,10:01 21/10/2026 +08:00,Ipoh Malaysia
row979,10:01 22/10/2026 +08:00,Ipoh Malaysia
row980,10:01 23/10/2026 +08:00,Ipoh Malaysia
row981,10:01 24/10/2026 +08:00,Ipoh Malaysia
row982,10:01 25/10/2026 +08:00,Ipoh Malaysia
row983,10:01 26/10/2026 +08:00,Ipoh Malaysia
row984,10:01 27/10/2026 +08:00,Ipoh Malaysia
row985,10:01 28/10/2026 +08:00,Ipoh Malaysia
row986,10:01 29/10/2026 +08:00,Ipoh Malaysia
row987,10:01 30/10/2026 +08:00,Ipoh Malaysia
row988,10:01 31/10/2026 +08:00,Ipoh Malaysia
row989,10:01 01/11/2026 +08:00,Ipoh Malaysia
row990,10:01 02/11/2026 +08:00,Ipoh Malaysia
row991,10:01 03/11/2026 +08:00,Ipoh Malaysia
row992,10:01 04/11/2026 +08:00,Ipoh Malaysia
row993,10:01 05/11/2026 +08:00,Ipoh Malaysia
row994,10:01 06/11/2026 +08:00,Ipoh Malaysia
row995,10:01 07/11/2026 +08:00,Ipoh Malaysia
row996,10:01 08/11/2026 +08:00,Ipoh Malaysia
row997,10:01 09/11/2026 +08:00,Ipoh Malaysia
row998,10:01 10/11/2026 +08:00,Ipoh Malaysia
row999,10:01 11/11/2026 +08:00,Ipoh Malaysia
row1000,10:01 12/11/2026 +08:00,Ipoh Malaysia
row1001,10:01 13/11/2026 +08:00,Ipoh Malaysia
row1002,10:01 14/11/2026 +08:00,Ipoh Malaysia
row1003,10:01 15/11/2026 +08:00,Ipoh Malaysia
row1004,10:01 16/11/2026 +08:00,Ipoh Malaysia
row1005,10:01 17/11/2026 +08:00,Ipoh Malaysia
row1006,10:01 18/11/2026 +08:00,Ipoh Malaysia
row1007,10:01 19/11/2026 +08:00,Ipoh Malaysia
row1008,10:01 20/11/2026 +08:00,Ipoh Malaysia
row1009,10:01 21/11/2026 +08:00,Ipoh Malaysia
row1010,10:01 22/11/2026 +08:00,Ipoh Malaysia
row1011,10:01 23/11/2026 +08:00,Ipoh Malaysia
row1012,10:01 24/11/2026 +08:00,Ipoh Malaysia
row1013,10:01 25/11/2026 +08:00,Ipoh Malaysia
row1014,10:01 26/11/2026 +08:00,Ipoh Malaysia
row1015,10:01 27/11/2026 +08:00,Ipoh Malaysia
row1016,10:01 28/11/2026 +08:00,Ipoh Malaysia
row1017,10:01 29/11/2026 +08:00,Ipoh Malaysia
row1018,10:01 30/11/2026 +08:00,Ipoh Malaysia
row1019,10:01 01/12/2026 +08:00,Ipoh Malaysia
row1020,10:01 02/12/2026 +08:00,Ipoh Malaysia
row1021,10:01 03/12/2026 +08:00,Ipoh Malaysia
row1022,10:01 04/12/2026 +08:00,Ipoh Malaysia
row1023,10:01 05/12/2026 +08:00,Ipoh Malaysia
row1024,10:01 06/12/2026 +08:00,Ipoh Malaysia
row1025,10:01 07/12/2026 +08:00,Ipoh Malaysia
row1026,10:01 08/12/2026 +08:00,Ipoh Malaysia
row1027,10:01 09/12/2026 +08:00,Ipoh Malaysia
row1028,10:01 10/12/2026 +08:00,Ipoh Malaysia
row1029,10:01 11/12/2026 +08:00,Ipoh Malaysia
row1030,10:01 12/12/2026 +08:00,Ipoh Malaysia
row1031,10:01 13/12/2026 +08:00,Ipoh Malaysia
row1032,10:01 14/12/2026 +08:00,Ipoh Malaysia
row1033,10:01 15/12/2026 +08:00,Ipoh Malaysia
row1034,10:01 16/12/2026 +08:00,Ipoh Malaysia
row1035,10:01 17/12/2026 +08:00,Ipoh Malaysia
row1036,10:01 18/12/2026 +08:00,Ipoh Malaysia
row1037,10:01 19/12/2026 +08:00,Ipoh Malaysia
row1038,10:01 20/12/2026 +08:00,Ipoh Malaysia
row1039,10:01 21/12/2026 +08:00,Ipoh Malaysia
row1040,10:01 22/12/2026 +08:00,Ipoh Malaysia
row1041,10:01 23/12/2026 +08:00,Ipoh Malaysia
row1042,10:01 24/12/2026 +08:00,Ipoh Malaysia
row1043,10:01 25/12/2026 +08:00,Ipoh Malaysia
row1044,10:01 26/12/2026 +08:00,Ipoh Malaysia
row1045,10:01 27/12/2026 +08:00,Ipoh Malaysia
row1046,10:01 28/12/2026 +08:00,Ipoh Malaysia
row1047,10:01 29/12/2026 +08:00,Ipoh Malaysia
row1048,10:01 30/12/2026 +08:00,Ipoh Malaysia
row1049,10:01 31/12/2026 +08:00,Ipoh Malaysia
row1050,10:01 01/01/2027 +08:00,Ipoh Malaysia
row1051,10:01 02/01/2027 +08:00,Ipoh Malaysia
row1052,10:01 03/01/2027 +08:00,Ipoh Malaysia
row1053,10:01 04/01/2027 +08:00,Ipoh Malaysia
row1054,10:01 05/01/2027 +08:00,Ipoh Malaysia
row1055,10:01 06/01/2027 +08:00,Ipoh Malaysia
row1056,10:01 07/01/2027 +08:00,Ipoh Malaysia
row1057,10:01 08/01/2027 +08:00,Ipoh Malaysia
row1058,10:01 09/01/2027 +08:00,Ipoh Malaysia
row1059,10:01 10/01/2027 +08:00,Ipoh Malaysia
row1060,10:01 11/01/2027 +08:00,Ipoh Malaysia
row1061,10:01 12/01/2027 +08:00,Ipoh Malaysia
row1062,10:01 13/01/2027 +08:00,Ipoh Malaysia
row1063,10:01 14/01/2027 +08:00,Ipoh Malaysia
row1064,10:01 15/01/2027 +08:00,Ipoh Malaysia
row1065,10:01 16/01/2027 +08:00,Ipoh Malaysia
row1066,10:01 17/01/2027 +08:00,Ipoh Malaysia
row1067,10:01 18/01/2027 +08:00,Ipoh Malaysia
row1068,10:01 19/01/2027 +08:00,Ipoh Malaysia
row1069,10:01 20/01/2027 +08:00,Ipoh Malaysia
row1070,10:01 21/01/2027 +08:00,Ipoh Malaysia
row1071,10:01 22/01/2027 +08:00,Ipoh Malaysia
row1072,10:01 23/01/2027 +08:00,Ipoh Malaysia
row1073,10:01 24/01/2027 +08:00,Ipoh Malaysia
row1074,10:01 25/01/2027 +08:00,Ipoh Malaysia
row1075,10:01 26/01/2027 +08:00,Ipoh Malaysia
row1076,10:01 27/01/2027 +08:00,Ipoh Malaysia
row1077,10:01 28/01/2027 +08:00,Ipoh Malaysia
row1078,10:01 29/01/2027 +08:00,Ipoh Malaysia
row1079,10:01 30/01/2027 +08:00,Ipoh Malaysia
row1080,10:01 31/01/2027 +08:00,Ipoh Malaysia
row1081,10:01 01/02/2027 +08:00,Ipoh Malaysia
row1082,10:01 02/02/2027 +08:00,Ipoh Malaysia
row1083,10:01 03/02/2027 +08:00,Ipoh Malaysia
row1084,10:01 04/02/2027 +08:00,Ipoh Malaysia
row1085,10:01 05/02/2027 +08:00,Ipoh Malaysia
row1086,10:01 06/02/2027 +08:00,Ipoh Malaysia
row1087,10:01 07/02/2027 +08:00,Ipoh Malaysia
row1088,10:01 08/02/2027 +08:00,Ipoh Malaysia
row1089,10:01 09/02/2027 +08:00,Ipoh Malaysia
row1090,10:01 10/02/2027 +08:00,Ipoh Malaysia
row1091,10:01 11/02/2027 +08:00,Ipoh Malaysia
row1092,10:01 12/02/2027 +08:00,Ipoh Malaysia
row1093,10:01 13/02/2027 +08:00,Ipoh Malaysia
row1094,10:01 14/02/2027 +08:00,Ipoh Malaysia
row1095,10:01 15/02/2027 +08:00,Ipoh Malaysia
row1096,10:01 16/02/2027 +08:00,Ipoh Malaysia
row1097,10:01 17/02/2027 +08:00,Ipoh Malaysia
row1098,10:01 18/02/2027 +08:00,Ipoh Malaysia
row1099,10:01 19/02/2027 +08:00,Ipoh Malaysia
row1100,10:01 20/02/2027 +08:00,Ipoh Malaysia
row1101,10:01 21/02/2027 +08:00,Ipoh Malaysia
row1102,10:01 22/02/2027 +08:00,Ipoh Malaysia
row1103,10:01 23/02/2027 +08:00,Ipoh Malaysia
row1104,10:01 24/02/2027 +08:00,Ipoh Malaysia
row1105,10:01 25/02/2027 +08:00,Ipoh Malaysia
row1106,10:01 26/02/2027 +08:00,Ipoh Malaysia
row1107,10:01 27/02/2027 +08:00,Ipoh Malaysia
row1108,10:01 28/02/2027 +08:00,Ipoh Malaysia
row1109,10:01 01/03/2027 +08:00,Ipoh Malaysia
row1110,10:01 02/03/2027 +08:00,Ipoh Malaysia
row1111,10:01 03/03/2027 +08:00,Ipoh Malaysia
row1112,10:01 04/03/2027 +08:00,Ipoh Malaysia
row1113,10:01 05/03/2027 +08:00,Ipoh Malaysia
row1114,10:01 06/03/2027 +08:00,Ipoh Malaysia
row1115,10:01 07/03/2027 +08:00,Ipoh Malaysia
row1116,10:01 08/03/2027 +08:00,Ipoh Malaysia
row1117,10:01 09/03/2027 +08:00,Ipoh Malaysia
row1118,10:01 10/03/2027 +08:00,Ipoh Malaysia
row1119,10:01 11/03/2027 +08:00,Ipoh Malaysia
row1120,10:01 12/03/2027 +08:00,Ipoh Malaysia
row1121,10:01 13/03/2027 +08:00,Ipoh Malaysia
row1122,10:01 14/03/2027 +08:00,Ipoh Malaysia
row1123,10:01 15/03/2027 +08:00,Ipoh Malaysia
row1124,10:01 16/03/2027 +08:00,Ipoh Malaysia
row1125,10:01 17/03/2027 +08:00,Ipoh Malaysia
row1126,10:01 18/03/2027 +08:00,Ipoh Malaysia
row1127,10:01 19/03/2027 +08:00,Ipoh Malaysia
row1128,10:01 20/03/2027 +08:00,Ipoh Malaysia
row1129,10:01 21/03/2027 +08:00,Ipoh Malaysia
row1130,10:01 22/03/2027 +08:00,Ipoh Malaysia
row1131,10:01 23/03/2027 +08:00,Ipoh Malaysia
row1132,10:01 24/03/2027 +08:00,Ipoh Malaysia
row1133,10:01 25/03/2027 +08:00,Ipoh Malaysia
row1134,10:01 26/03/2027 +08:00,Ipoh Malaysia
row1135,10:01 27/03/2027 +08:00,Ipoh Malaysia
row1136,10:01 28/03/2027 +08:00,Ipoh Malaysia
row1137,10:01 29/03/2027 +08:00,Ipoh Malaysia
row1138,10:01 30/03/2027 +08:00,Ipoh Malaysia
row1139,10:01 31/03/2027 +08:00,Ipoh Malaysia
row1140,10:01 01/04/2027 +08:00,Ipoh Malaysia
row1141,10:01 02/04/2027 +08:00,Ipoh Malaysia
row1142,10:01 03/04/2027 +08:00,Ipoh Malaysia
row1143,10:01 04/04/2027 +08:00,Ipoh Malaysia
row1144,10:01 05/04/2027 +08:00,Ipoh Malaysia
row1145,10:01 06/04/2027 +08:00,Ipoh Malaysia
row1146,10:01 07/04/2027 +08:00,Ipoh Malaysia
row1147,10:01 08/04/2027 +08:00,Ipoh Malaysia
row1148,10:01 09/04/2027 +08:00,Ipoh Malaysia
row1149,10:01 10/04/2027 +08:00,Ipoh Malaysia
row1150,10:01 11/04/2027 +08:00,Ipoh Malaysia
row1151,10:01 12/04/2027 +08:00,Ipoh Malaysia
row1152,10:01 13/04/2027 +08:00,Ipoh Malaysia
row1153,10:01 14/04/2027 +08:00,Ipoh Malaysia
row1154,10:01 15/04/2027 +08:00,Ipoh Malaysia
row1155,10:01 16/04/2027 +08:00,Ipoh Malaysia
row1156,10:01 17/04/2027 +08:00,Ipoh Malaysia
row1157,10:01 18/04/2027 +08:00,Ipoh Malaysia
row1158,10:01 19/04/2027 +08:00,Ipoh Malaysia
row1159,10:01 20/04/2027 +08:00,Ipoh Malaysia
row1160,10:01 21/04/2027 +08:00,Ipoh Malaysia
row1161,10:01 22/04/2027 +08:00,Ipoh Malaysia
row1162,10:01 23/04/2027 +08:00,Ipoh Malaysia
row1163,10:01 24/04/2027 +08:00,Ipoh Malaysia
row1164,10:01 25/04/2027 +08:00,Ipoh Malaysia
row1165,10:01 26/04/2027 +08:00,Ipoh Malaysia
row1166,10:01 27/04/2027 +08:00,Ipoh Malaysia
row1167,10:01 28/04/2027 +08:00,Ipoh Malaysia
row1168,10:01 29/04/2027 +08:00,Ipoh Malaysia
row1169,10:01 30/04/2027 +08:00,Ipoh Malaysia
row1170,10:01 01/05/2027 +08:00,Ipoh Malaysia
row1171,10:01 02/05/2027 +08:00,Ipoh Malaysia
row1172,10:01 03/05/2027 +08:00,Ipoh Malaysia
row1173,10:01 04/05/2027 +08:00,Ipoh Malaysia
row1174,10:01 05/05/2027 +08:00,Ipoh Malaysia
row1175,10:01 06/05/2027 +08:00,Ipoh Malaysia
row1176,10:01 07/05/2027 +08:00,Ipoh Malaysia
row1177,10:01 08/05/2027 +08:00,Ipoh Malaysia
row1178,10:01 09/05/2027 +08:00,Ipoh Malaysia
row1179,10:01 10/05/2027 +08:00,Ipoh Malaysia
row1180,10:01 11/05/2027 +08:00,Ipoh Malaysia
row1181,10:01 12/05/2027 +08:00,Ipoh Malaysia
row1182,10:01 13/05/2027 +08:00,Ipoh Malaysia
row1183,10:01 14/05/2027 +08:00,Ipoh Malaysia
row1184,10:01 15/05/2027 +08:00,Ipoh Malaysia
row1185,10:01 16/05/2027 +08:00,Ipoh Malaysia
row1186,10:01 17/05/2027 +08:00,Ipoh Malaysia
row1187,10:01 18/05/2027 +08:00,Ipoh Malaysia
row1188,10:01 19/05/2027 +08:00,Ipoh Malaysia
row1189,10:01 20/05/2027 +08:00,Ipoh Malaysia
row1190,10:01 21/05/2027 +08:00,Ipoh Malaysia
row1191,10:01 22/05/2027 +08:00,Ipoh Malaysia
row1192,10:01 23/05/2027 +08:00,Ipoh Malaysia
row1193,10:01 24/05/2027 +08:00,Ipoh Malaysia
row1194,10:01 25/05/2027 +08:00,Ipoh Malaysia
row1195,10:01 26/05/2027 +08:00,Ipoh Malaysia
row1196,10:01 27/05/2027 +08:00,Ipoh Malaysia
row1197,10:01 28/05/2027 +08:00,Ipoh Malaysia
row1198,10:01 29/05/2027 +08:00,Ipoh Malaysia
row1199,10:01 30/05/2027 +08:00,Ipoh Malaysia
row1200,10:01 31/05/2027 +08:00,Ipoh Malaysia
row1201,10:01 01/06/2027 +08:00,Ipoh Malaysia
row1202,10:01 02/06/2027 +08:00,Ipoh Malaysia
row1203,10:01 03/06/2027 +08:00,Ipoh Malaysia
row1204,10:01 04/06/2027 +08:00,Ipoh Malaysia
row1205,10:01 05/06/2027 +08:00,Ipoh Malaysia
row1206,10:01 06/06/2027 +08:00,Ipoh Malaysia
row1207,10:01 07/06/2027 +08:00,Ipoh Malaysia
row1208,10:01 08/06/2027 +08:00,Ipoh Malaysia
row1209,10:01 09/06/2027 +08:00,Ipoh Malaysia
row1210,10:01 10/06/2027 +08:00,Ipoh Malaysia
row1211,10:01 11/06/2027 +08:00,Ipoh Malaysia
row1212,10:01 12/06/2027 +08:00,Ipoh Malaysia
row1213,10:01 13/06/2027 +08:00,Ipoh Malaysia
row1214,10:01 14/06/2027 +08:00,Ipoh Malaysia
row1215,10:01 15/06/2027 +08:00,Ipoh Malaysia
row1216,10:01 16/06/2027 +08:00,Ipoh Malaysia
row1217,10:01 17/06/2027 +08:00,Ipoh Malaysia
row1218,10:01 18/06/2027 +08:00,Ipoh Malaysia
row1219,10:01 19/06/2027 +08:00,Ipoh Malaysia
row1220,10:01 20/06/2027 +08:00,Ipoh Malaysia
row1221,10:01 21/06/2027 +08:00,Ipoh Malaysia
row1222,10:01 22/06/2027 +08:00,Ipoh Malaysia
row1223,10:01 23/06/2027 +08:00,Ipoh Malaysia
row1224,10:01 24/06/2027 +08:00,Ipoh Malaysia
row1225,10:01 25/06/2027 +08:00,Ipoh Malaysia
row1226,10:01 26/06/2027 +08:00,Ipoh Malaysia
row1227,10:01 27/06/2027 +08:00,Ipoh Malaysia
row1228,10:01 28/06/2027 +08:00,Ipoh Malaysia
row1229,10:01 29/06/2027 +08:00,Ipoh Malaysia
row1230,10:01 30/06/2027 +08:00,Ipoh Malaysia
row1231,10:01 01/07/2027 +08:00,Ipoh Malaysia
row1232,10:01 02/07/2027 +08:00,Ipoh Malaysia
row1233,10:01 03/07/2027 +08:00,Ipoh Malaysia
row1234,10:01 04/07/2027 +08:00,Ipoh Malaysia
row1235,10:01 05/07/2027 +08:00,Ipoh Malaysia
row1236,10:01 06/07/2027 +08:00,Ipoh Malaysia
row1237,10:01 07/07/2027 +08:00,Ipoh Malaysia
row1238,10:01 08/07/2027 +08:00,Ipoh Malaysia
row1239,10:01 09/07/2027 +08:00,Ipoh Malaysia
row1240,10:01 10/07/2027 +08:00,Ipoh Malaysia
row1241,10:01 11/07/2027 +08:00,Ipoh Malaysia
row1242,10:01 12/07/2027 +08:00,Ipoh Malaysia
row1243,10:01 13/07/2027 +08:00,Ipoh Malaysia
row1244,10:01 14/07/2027 +08:00,Ipoh Malaysia
row1245,10:01 15/07/2027 +08:00,Ipoh Malaysia
row1246,10:01 16/07/2027 +08:00,Ipoh Malaysia
row1247,10:01 17/07/2027 +08:00,Ipoh Malaysia
row1248,10:01 18/07/2027 +08:00,Ipoh Malaysia
row1249,10:01 19/07/2027 +08:00,Ipoh Malaysia
row1250,10:01 20/07/2027 +08:00,Ipoh Malaysia
row1251,10:01 21/07/2027 +08:00,Ipoh Malaysia
row1252,10:01 22/07/2027 +08:00,Ipoh Malaysia
row1253,10:01 23/07/2027 +08:00,Ipoh Malaysia
row1254,10:01 24/07/2027 +08:00,Ipoh Malaysia
row1255,10:01 25/07/2027 +08:00,Ipoh Malaysia
row1256,10:01 26/07/2027 +08:00,Ipoh Malaysia
row1257,10:01 27/07/2027 +08:00,Ipoh Malaysia
row1258,10:01 28/07/2027 +08:00,Ipoh Malaysia
row1259,10:01 29/07/2027 +08:00,Ipoh Malaysia
row1260,10:01 30/07/2027 +08:00,Ipoh Malaysia
row1261,10:01 31/07/2027 +08:00,Ipoh Malaysia
row1262,10:01 01/08/2027 +08:00,Ipoh Malaysia
row1263,10:01 02/08/2027 +08:00,Ipoh Malaysia
row1264,10:01 03/08/2027 +08:00,Ipoh Malaysia
row1265,10:01 04/08/2027 +08:00,Ipoh Malaysia
row1266,10:01 05/08/2027 +08:00,Ipoh Malaysia
row1267,10:01 06/08/2027 +08:00,Ipoh Malaysia
row1268,10:01 07/08/2027 +08:00,Ipoh Malaysia
row1269,10:01 08/08/2027 +08:00,Ipoh Malaysia
row1270,10:01 09/08/2027 +08:00,Ipoh Malaysia
row1271,10:01 10/08/2027 +08:00,Ipoh Malaysia
row1272,10:01 11/08/2027 +08:00,Ipoh Malaysia
row1273,10:01 12/08/2027 +08:00,Ipoh Malaysia
row1274,10:01 13/08/2027 +08:00,Ipoh Malaysia
row1275,10:01 14/08/2027 +08:00,Ipoh Malaysia
row1276,10:01 15/08/2027 +08:00,Ipoh Malaysia
row1277,10:01 16/08/2027 +08:00,Ipoh Malaysia
row1278,10:01 17/08/2027 +08:00,Ipoh Malaysia
row1279,10:01 18/08/2027 +08:00,Ipoh Malaysia
row1280,10:01 19/08/2027 +08:00,Ipoh Malaysia
row1281,10:01 20/08/2027 +08:00,Ipoh Malaysia
row1282,10:01 21/08/2027 +08:00,Ipoh Malaysia
row1283,10:01 22/08/2027 +08:00,Ipoh Malaysia
row1284,10:01 23/08/2027 +08:00,Ipoh Malaysia
row1285,10:01 24/08/2027 +08:00,Ipoh Malaysia
row1286,10:01 25/08/2027 +08:00,Ipoh Malaysia
row1287,10:01 26/08/2027 +08:00,Ipoh Malaysia
row1288,10:01 27/08/2027 +08:00,Ipoh Malaysia
row1289,10:01 28/08/2027 +08:00,Ipoh Malaysia
row1290,10:01 29/08/2027 +08:00,Ipoh Malaysia
row1291,10:01 30/08/2027 +08:00,Ipoh Malaysia
row1292,10:01 31/08/2027 +08:00,Ipoh Malaysia
row1293,10:01 01/09/2027 +08:00,Ipoh Malaysia
row1294,10:01 02/09/2027 +08:00,Ipoh Malaysia
row1295,10:01 03/09/2027 +08:00,Ipoh Malaysia
row1296,10:01 04/09/2027 +08:00,Ipoh Malaysia
row1297,10:01 05/09/2027 +08:00,Ipoh Malaysia
row1298,10:01 06/09/2027 +08:00,Ipoh Malaysia
row1299,10:01 07/09/2027 +08:00,Ipoh Malaysia
row1300,10:01 08/09/2027 +08:00,Ipoh Malaysia
row1301,10:01 09/09/2027 +08:00,Ipoh Malaysia
row1302,10:01 10/09/2027 +08:00,Ipoh Malaysia
row1303,10:01 11/09/2027 +08:00,Ipoh Malaysia
row1304,10:01 12/09/2027 +08:00,Ipoh Malaysia
row1305,10:01 13/09/2027 +08:00,Ipoh Malaysia
row1306,10:01 14/09/2027 +08:00,Ipoh Malaysia
row1307,10:01 15/09/2027 +08:00,Ipoh Malaysia
row1308,10:01 16/09/2027 +08:00,Ipoh Malaysia
row1309,10:01 17/09/2027 +08:00,Ipoh Malaysia
row1310,10:01 18/09/2027 +08:00,Ipoh Malaysia
row1311,10:01 19/09/2027 +08:00,Ipoh Malaysia
row1312,10:01 20/09/2027 +08:00,Ipoh Malaysia
row1313,10:01 21/09/2027 +08:00,Ipoh Malaysia
row1314,10:01 22/09/2027 +08:00,Ipoh Malaysia
row1315,10:01 23/09/2027 +08:00,Ipoh Malaysia
row1316,10:01 24/09/2027 +08:00,Ipoh Malaysia
row1317,10:01 25/09/2027 +08:00,Ipoh Malaysia
row1318,10:01 26/09/2027 +08:00,Ipoh Malaysia
row1319,10:01 27/09/2027 +08:00,Ipoh Malaysia
row1320,10:01 28/09/2027 +08:00,Ipoh Malaysia
row1321,10:01 29/09/2027 +08:00,Ipoh Malaysia
row1322,10:01 30/09/2027 +08:00,Ipoh Malaysia
row1323,10:01 01/10/2027 +08:00,Ipoh Malaysia
row1324,10:01 02/10/2027 +08:00,Ipoh Malaysia
row1325,10:01 03/10/2027 +08:00,Ipoh Malaysia
row1326,10:01 04/10/2027 +08:00,Ipoh Malaysia
row1327,10:01 05/10/2027 +08:00,Ipoh Malaysia
row1328,10:01 06/10/2027 +08:00,Ipoh Malaysia
row1329,10:01 07/10/2027 +08:00,Ipoh Malaysia
row1330,10:01 08/10/2027 +08:00,Ipoh Malaysia
row1331,10:01 09/10/2027 +08:00,Ipoh Malaysia
row1332,10:01 10/10/2027 +08:00,Ipoh Malaysia
row1333,10:01 11/10/2027 +08:00,Ipoh Malaysia
row1334,10:01 12/10/2027 +08:00,Ipoh Malaysia
row1335,10:01 13/10/2027 +08:00,Ipoh Malaysia
row1336,10:01 14/10/2027 +08:00,Ipoh Malaysia
row1337,10:01 15/10/2027 +08:00,Ipoh Malaysia
row1338,10:01 16/10/2027 +08:00,Ipoh Malaysia
row1339,10:01 17/10/2027 +08:00,Ipoh Malaysia
row1340,10:01 18/10/2027 +08:00,Ipoh Malaysia
row1341,10:01 19/10/2027 +08:00,Ipoh Malaysia
row1342,10:01 20/10/2027 +08:00,Ipoh Malaysia
row1343,10:01 21/10/2027 +08:00,Ipoh Malaysia
row1344,10:01 22/10/2027 +08:00,Ipoh Malaysia
row1345,10:01 23/10/2027 +08:00,Ipoh Malaysia
row1346,10:01 24/10/2027 +08:00,Ipoh Malaysia
row1347,10:01 25/10/2027 +08:00,Ipoh Malaysia
row1348,10:01 26/10/2027 +08:00,Ipoh Malaysia
row1349,10:01 27/10/2027 +08:00,Ipoh Malaysia
row1350,10:01 28/10/2027 +08:00,Ipoh Malaysia
row1351,10:01 29/10/2027 +08:00,Ipoh Malaysia
row1352,10:01 30/10/2027 +08:00,Ipoh Malaysia
row1353,10:01 31/10/2027 +08:00,Ipoh Malaysia
row1354,10:01 01/11/2027 +08:00,Ipoh Malaysia
row1355,10:01 02/11/2027 +08:00,Ipoh Malaysia
row1356,10:01 03/11/2027 +08:00,Ipoh Malaysia
row1357,10:01 04/11/2027 +08:00,Ipoh Malaysia
row1358,10:01 05/11/2027 +08:00,Ipoh Malaysia
row1359,10:01 06/11/2027 +08:00,Ipoh Malaysia
row1360,10:01 07/11/2027 +08:00,Ipoh Malaysia
row1361,10:01 08/11/2027 +08:00,Ipoh Malaysia
row1362,10:01 09/11/2027 +08:00,Ipoh Malaysia
row1363,10:01 10/11/2027 +08:00,Ipoh Malaysia
row1364,10:01 11/11/2027 +08:00,Ipoh Malaysia
row1365,10:01 12/11/2027 +08:00,Ipoh Malaysia
row1366,10:01 13/11/2027 +08:00,Ipoh Malaysia
row1367,10:01 14/11/2027 +08:00,Ipoh Malaysia
row1368,10:01 15/11/2027 +08:00,Ipoh Malaysia
row1369,10:01 16/11/2027 +08:00,Ipoh Malaysia
row1370,10:01 17/11/2027 +08:00,Ipoh Malaysia
row1371,10:01 18/11/2027 +08:00,Ipoh Malaysia
row1372,10:01 19/11/2027 +08:00,Ipoh Malaysia
row1373,10:01 20/11/2027 +08:00,Ipoh Malaysia
row1374,10:01 21/11/2027 +08:00,Ipoh Malaysia
row1375,10:01 22/11/2027 +08:00,Ipoh Malaysia
row1376,10:01 23/11/2027 +08:00,Ipoh Malaysia
row1377,10:01 24/11/2027 +08:00,Ipoh Malaysia
row1378,10:01 25/11/2027 +08:00,Ipoh Malaysia
row1379,10:01 26/11/2027 +08:00,Ipoh Malaysia
row1380,10:01 27/11/2027 +08:00,Ipoh Malaysia
row1381,10:01 28/11/2027 +08:00,Ipoh Malaysia
row1382,10:01 29/11/2027 +08:00,Ipoh Malaysia
row1383,10:01 30/11/2027 +08:00,Ipoh Malaysia
row1384,10:01 01/12/2027 +08:00,Ipoh Malaysia
row1385,10:01 02/12/2027 +08:00,Ipoh Malaysia
row1386,10:01 03/12/2027 +08:00,Ipoh Malaysia
row1387,10:01 04/12/2027 +08:00,Ipoh Malaysia
row1388,10:01 05/12/2027 +08:00,Ipoh Malaysia
row1389,10:01 06/12/2027 +08:00,Ipoh Malaysia
row1390,10:01 07/12/2027 +08:00,Ipoh Malaysia
row1391,10:01 08/12/2027 +08:00,Ipoh Malaysia
row1392,10:01 09/12/2027 +08:00,Ipoh Malaysia
row1393,10:01 10/12/2027 +08:00,Ipoh Malaysia
row1394,10:01 11/12/2027 +08:00,Ipoh Malaysia
row1395,10:01 12/12/2027 +08:00,Ipoh Malaysia
row1396,10:01 13/12/2027 +08:00,Ipoh Malaysia
row1397,10:01 14/12/2027 +08:00,Ipoh Malaysia
row1398,10:01 15/12/2027 +08:00,Ipoh Malaysia
row1399,10:01 16/12/2027 +08:00,Ipoh Malaysia
row1400,10:01 17/12/2027 +08:00,Ipoh Malaysia
row1401,10:01 18/12/2027 +08:00,Ipoh Malaysia
row1402,10:01 19/12/2027 +08:00,Ipoh Malaysia
row1403,10:01 20/12/2027 +08:00,Ipoh Malaysia
row1404,10:01 21/12/2027 +08:00,Ipoh Malaysia
row1405,10:01 22/12/2027 +08:00,Ipoh Malaysia
row1406,10:01 23/12/2027 +08:00,Ipoh Malaysia
row1407,10:01 24/12/2027 +08:00,Ipoh Malaysia
row1408,10:01 25/12/2027 +08:00,Ipoh Malaysia
row1409,10:01 26/12/2027 +08:00,Ipoh Malaysia
row1410,10:01 27/12/2027 +08:00,Ipoh Malaysia
row1411,10:01 28/12/2027 +08:00,Ipoh Malaysia
row1412,10:01 29/12/2027 +08:00,Ipoh Malaysia
row1413,10:01 30/12/2027 +08:00,Ipoh Malaysia
row1414,10:01 31/12/2027 +08:00,Ipoh Malaysia
row1415,10:01 01/01/2028 +08:00,Ipoh Malaysia
row1416,10:01 02/01/2028 +08:00,Ipoh Malaysia
row1417,10:01 03/01/2028 +08:00,Ipoh Malaysia
row1418,10:01 04/01/2028 +08:00,Ipoh Malaysia
row1419,10:01 05/01/2028 +08:00,Ipoh Malaysia
row1420,10:01 06/01/2028 +08:00,Ipoh Malaysia
row1421,10:01 07/01/2028 +08:00,Ipoh Malaysia
row1422,10:01 08/01/2028 +08:00,Ipoh Malaysia
row1423,10:01 09/01/2028 +08:00,Ipoh Malaysia
row1424,10:01 10/01/2028 +08:00,Ipoh Malaysia
row1425,10:01 11/01/2028 +08:00,Ipoh Malaysia
row1426,10:01 12/01/2028 +08:00,Ipoh Malaysia
row1427,10:01 13/01/2028 +08:00,Ipoh Malaysia
row1428,10:01 14/01/2028 +08:00,Ipoh Malaysia
row1429,10:01 15/01/2028 +08:00,Ipoh Malaysia
row1430,10:01 16/01/2028 +08:00,Ipoh Malaysia
row1431,10:01 17/01/2028 +08:00,Ipoh Malaysia
row1432,10:01 18/01/2028 +08:00,Ipoh Malaysia
row1433,10:01 19/01/2028 +08:00,Ipoh Malaysia
row1434,10:01 20/01/2028 +08:00,Ipoh Malaysia
row1435,10:01 21/01/2028 +08:00,Ipoh Malaysia
row1436,10:01 22/01/2028 +08:00,Ipoh Malaysia
row1437,10:01 23/01/2028 +08:00,Ipoh Malaysia
row1438,10:01 24/01/2028 +08:00,Ipoh Malaysia
row1439,10:01 25/01/2028 +08:00,Ipoh Malaysia
row1440,10:01 26/01/2028 +08:00,Ipoh Malaysia
row1441,10:01 27/01/2028 +08:00,Ipoh Malaysia
row1442,10:01 28/01/2028 +08:00,Ipoh Malaysia
row1443,10:01 29/01/2028 +08:00,Ipoh Malaysia
row1444,10:01 30/01/2028 +08:00,Ipoh Malaysia
row1445,10:01 31/01/2028 +08:00,Ipoh Malaysia
row1446,10:01 01/02/2028 +08:00,Ipoh Malaysia
row1447,10:01 02/02/2028 +08:00,Ipoh Malaysia
row1448,10:01 03/02/2028 +08:00,Ipoh Malaysia
row1449,10:01 04/02/2028 +08:00,Ipoh Malaysia
row1450,10:01 05/02/2028 +08:00,Ipoh Malaysia
row1451,10:01 06/02/2028 +08:00,Ipoh Malaysia
row1452,10:01 07/02/2028 +08:00,Ipoh Malaysia
row1453,10:01 08/02/2028 +08:00,Ipoh Malaysia
row1454,10:01 09/02/2028 +08:00,Ipoh Malaysia
row1455,10:01 10/02/2028 +08:00,Ipoh Malaysia
row1456,10:01 11/02/2028 +08:00,Ipoh Malaysia
row1457,10:01 12/02/2028 +08:00,Ipoh Malaysia
row1458,10:01 13/02/2028 +08:00,Ipoh Malaysia
row1459,10:01 14/02/2028 +08:00,Ipoh Malaysia
row1460,10:01 15/02/2028 +08:00,Ipoh Malaysia
row1461,10:01 16/02/2028 +08:00,Ipoh Malaysia
row1462,10:01 17/02/2028 +08:00,Ipoh Malaysia
row1463,10:01 18/02/2028 +08:00,Ipoh Malaysia
row1464,10:01 19/02/2028 +08:00,Ipoh Malaysia
row1465,10:01 20/02/2028 +08:00,Ipoh Malaysia
row1466,10:01 21/02/2028 +08:00,Ipoh Malaysia
row1467,10:01 22/02/2028 +08:00,Ipoh Malaysia
row1468,10:01 23/02/2028 +08:00,Ipoh Malaysia
row1469,10:01 24/02/2028 +08:00,Ipoh Malaysia
row1470,10:01 25/02/2028 +08:00,Ipoh Malaysia
row1471,10:01 26/02/2028 +08:00,Ipoh Malaysia
row1472,10:01 27/02/2028 +08:00,Ipoh Malaysia
row1473,10:01 28/02/2028 +08:00,Ipoh Malaysia
row1474,10:01 29/02/2028 +08:00,Ipoh Malaysia
row1475,10:01 01/03/2028 +08:00,Ipoh Malaysia
row1476,10:01 02/03/2028 +08:00,Ipoh Malaysia
row1477,10:01 03/03/2028 +08:00,Ipoh Malaysia
row1478,10:01 04/03/2028 +08:00,Ipoh Malaysia
row1479,10:01 05/03/2028 +08:00,Ipoh Malaysia
row1480,10:01 06/03/2028 +08:00,Ipoh Malaysia
row1481,10:01 07/03/2028 +08:00,Ipoh Malaysia
row1482,10:01 08/03/2028 +08:00,Ipoh Malaysia
row1483,10:01 09/03/2028 +08:00,Ipoh Malaysia
row1484,10:01 10/03/2028 +08:00,Ipoh Malaysia
row1485,10:01 11/03/2028 +08:00,Ipoh Malaysia
row1486,10:01 12/03/2028 +08:00,Ipoh Malaysia
row1487,10:01 13/03/2028 +08:00,Ipoh Malaysia
row1488,10:01 14/03/2028 +08:00,Ipoh Malaysia
row1489,10:01 15/03/2028 +08:00,Ipoh Malaysia
row1490,10:01 16/03/2028 +08:00,Ipoh Malaysia
row1491,10:01 17/03/2028 +08:00,Ipoh Malaysia
row1492,10:01 18/03/2028 +08:00,Ipoh Malaysia
row1493,10:01 19/03/2028 +08:00,Ipoh Malaysia
row1494,10:01 20/03/2028 +08:00,Ipoh Malaysia
row1495,10:01 21/03/2028 +08:00,Ipoh Malaysia
row1496,10:01 22/03/2028 +08:00,Ipoh Malaysia
row1497,10:01 23/03/2028 +08:00,Ipoh Malaysia
row1498,10:01 24/03/2028 +08:00,Ipoh Malaysia
row1499,10:01 25/03/2028 +08:00,Ipoh Malaysia
row1500,10:01 26/03/2028 +08:00,Ipoh Malaysia
row1501,10:01 27/03/2028 +08:00,Ipoh Malaysia
row1502,10:01 28/03/2028 +08:00,Ipoh Malaysia
row1503,10:01 29/03/2028 +08:00,Ipoh Malaysia
row1504,10:01 30/03/2028 +08:00,Ipoh Malaysia
row1505,10:01 31/03/2028 +08:00,Ipoh Malaysia
row1506,10:01 01/04/2028 +08:00,Ipoh Malaysia
row1507,10:01 02/04/2028 +08:00,Ipoh Malaysia
row1508,10:01 03/04/2028 +08:00,Ipoh Malaysia
row1509,10:01 04/04/2028 +08:00,Ipoh Malaysia
row1510,10:01 05/04/2028 +08:00,Ipoh Malaysia
row1511,10:01 06/04/2028 +08:00,Ipoh Malaysia
row1512,10:01 07/04/2028 +08:00,Ipoh Malaysia
row1513,10:01 08/04/2028 +08:00,Ipoh Malaysia
row1514,10:01 09/04/2028 +08:00,Ipoh Malaysia
row1515,10:01 10/04/2028 +08:00,Ipoh Malaysia
row1516,10:01 11/04/2028 +08:00,Ipoh Malaysia
row1517,10:01 12/04/2028 +08:00,Ipoh Malaysia
row1518,10:01 13/04/2028 +08:00,Ipoh Malaysia
row1519,10:01 14/04/2028 +08:00,Ipoh Malaysia
row1520,10:01 15/04/2028 +08:00,Ipoh Malaysia
row1521,10:01 16/04/2028 +08:00,Ipoh Malaysia
row1522,10:01 17/04/2028 +08:00,Ipoh Malaysia
row1523,10:01 18/04/2028 +08:00,Ipoh Malaysia
row1524,10:01 19/04/2028 +08:00,Ipoh Malaysia
row1525,10:01 20/04/2028 +08:00,Ipoh Malaysia
row1526,10:01 21/04/2028 +08:00,Ipoh Malaysia
row1527,10:01 22/04/2028 +08:00,Ipoh Malaysia
row1528,10:01 23/04/2028 +08:00,Ipoh Malaysia
row1529,10:01 24/04/2028 +08:00,Ipoh Malaysia
row1530,10:01 25/04/2028 +08:00,Ipoh Malaysia
row1531,10:01 26/04/2028 +08:00,Ipoh Malaysia
row1532,10:01 27/04/2028 +08:00,Ipoh Malaysia
row1533,10:01 28/04/2028 +08:00,Ipoh Malaysia
row1534,10:01 29/04/2028 +08:00,Ipoh Malaysia
row1535,10:01 30/04/2028 +08:00,Ipoh Malaysia
row1536,10:01 01/05/2028 +08:00,Ipoh Malaysia
row1537,10:01 02/05/2028 +08:00,Ipoh Malaysia
row1538,10:01 03/05/2028 +08:00,Ipoh Malaysia
row1539,10:01 04/05/2028 +08:00,Ipoh Malaysia
row1540,10:01 05/05/2028 +08:00,Ipoh Malaysia
row1541,10:01 06/05/2028 +08:00,Ipoh Malaysia
row1542,10:01 07/05/2028 +08:00,Ipoh Malaysia
row1543,10:01 08/05/2028 +08:00,Ipoh Malaysia
row1544,10:01 09/05/2028 +08:00,Ipoh Malaysia
row1545,10:01 10/05/2028 +08:00,Ipoh Malaysia
row1546,10:01 11/05/2028 +08:00,Ipoh Malaysia
row1547,10:01 12/05/2028 +08:00,Ipoh Malaysia
row1548,10:01 13/05/2028 +08:00,Ipoh Malaysia
row1549,10:01 14/05/2028 +08:00,Ipoh Malaysia
row1550,10:01 15/05/2028 +08:00,Ipoh Malaysia
row1551,10:01 16/05/2028 +08:00,Ipoh Malaysia
row1552,10:01 17/05/2028 +08:00,Ipoh Malaysia
row1553,10:01 18/05/2028 +08:00,Ipoh Malaysia
row1554,10:01 19/05/2028 +08:00,Ipoh Malaysia
row1555,10:01 20/05/2028 +08:00,Ipoh Malaysia
row1556,10:01 21/05/2028 +08:00,Ipoh Malaysia
row1557,10:01 22/05/2028 +08:00,Ipoh Malaysia
row1558,10:01 23/05/2028 +08:00,Ipoh Malaysia
row1559,10:01 24/05/2028 +08:00,Ipoh Malaysia
row1560,10:01 25/05/2028 +08:00,Ipoh Malaysia
row1561,10:01 26/05/2028 +08:00,Ipoh Malaysia
row1562,10:01 27/05/2028 +08:00,Ipoh Malaysia
row1563,10:01 28/05/2028 +08:00,Ipoh Malaysia
row1564,10:01 29/05/2028 +08:00,Ipoh Malaysia
row1565,10:01 30/05/2028 +08:00,Ipoh Malaysia
row1566,10:01 31/05/2028 +08:00,Ipoh Malaysia
row1567,10:01 01/06/2028 +08:00,Ipoh Malaysia
row1568,10:01 02/06/2028 +08:00,Ipoh Malaysia
row1569,10:01 03/06/2028 +08:00,Ipoh Malaysia
row1570,10:01 04/06/2028 +08:00,Ipoh Malaysia
row1571,10:01 05/06/2028 +08:00,Ipoh Malaysia
row1572,10:01 06/06/2028 +08:00,Ipoh Malaysia
row1573,10:01 07/06/2028 +08:00,Ipoh Malaysia
row1574,10:01 08/06/2028 +08:00,Ipoh Malaysia
row1575,10:01 09/06/2028 +08:00,Ipoh Malaysia
row1576,10:01 10/06/2028 +08:00,Ipoh Malaysia
row1577,10:01 11/06/2028 +08:00,Ipoh Malaysia
row1578,10:01 12/06/2028 +08:00,Ipoh Malaysia
row1579,10:01 13/06/2028 +08:00,Ipoh Malaysia
row1580,10:01 14/06/2028 +08:00,Ipoh Malaysia
row1581,10:01 15/06/2028 +08:00,Ipoh Malaysia
row1582,10:01 16/06/2028 +08:00,Ipoh Malaysia
row1583,10:01 17/06/2028 +08:00,Ipoh Malaysia
row1584,10:01 18/06/2028 +08:00,Ipoh Malaysia
row1585,10:01 19/06/2028 +08:00,Ipoh Malaysia
row1586,10:01 20/06/2028 +08:00,Ipoh Malaysia
row1587,10:01 21/06/2028 +08:00,Ipoh Malaysia
row1588,10:01 22/06/2028 +08:00,Ipoh Malaysia
row1589,10:01 23/06/2028 +08:00,Ipoh Malaysia
row1590,10:01 24/06/2028 +08:00,Ipoh Malaysia
row1591,10:01 25/06/2028 +08:00,Ipoh Malaysia
row1592,10:01 26/06/2028 +08:00,Ipoh Malaysia
row1593,10:01 27/06/2028 +08:00,Ipoh Malaysia
row1594,10:01 28/06/2028 +08:00,Ipoh Malaysia
row1595,10:01 29/06/2028 +08:00,Ipoh Malaysia
row1596,10:01 30/06/2028 +08:00,Ipoh Malaysia
row1597,10:01 01/07/2028 +08:00,Ipoh Malaysia
row1598,10:01 02/07/2028 +08:00,Ipoh Malaysia
row1599,10:01 03/07/2028 +08:00,Ipoh Malaysia
row1600,10:01 04/07/2028 +08:00,Ipoh Malaysia
row1601,10:01 05/07/2028 +08:00,Ipoh Malaysia
row1602,10:01 06/07/2028 +08:00,Ipoh Malaysia
row1603,10:01 07/07/2028 +08:00,Ipoh Malaysia
row1604,10:01 08/07/2028 +08:00,Ipoh Malaysia
row1605,10:01 09/07/2028 +08:00,Ipoh Malaysia
row1606,10:01 10/07/2028 +08:00,Ipoh Malaysia
row1607,10:01 11/07/2028 +08:00,Ipoh Malaysia
row1608,10:01 12/07/2028 +08:00,Ipoh Malaysia
row1609,10:01 13/07/2028 +08:00,Ipoh Malaysia
row1610,10:01 14/07/2028 +08:00,Ipoh Malaysia
row1611,10:01 15/07/2028 +08:00,Ipoh Malaysia
row1612,10:01 16/07/2028 +08:00,Ipoh Malaysia
row1613,10:01 17/07/2028 +08:00,Ipoh Malaysia
row1614,10:01 18/07/2028 +08:00,Ipoh Malaysia
row1615,10:01 19/07/2028 +08:00,Ipoh Malaysia
row1616,10:01 20/07/2028 +08:00,Ipoh Malaysia
row1617,10:01 21/07/2028 +08:00,Ipoh Malaysia
row1618,10:01 22/07/2028 +08:00,Ipoh Malaysia
row1619,10:01 23/07/2028 +08:00,Ipoh Malaysia
row1620,10:01 24/07/2028 +08:00,Ipoh Malaysia
row1621,10:01 25/07/2028 +08:00,Ipoh Malaysia
row1622,10:01 26/07/2028 +08:00,Ipoh Malaysia
row1623,10:01 27/07/2028 +08:00,Ipoh Malaysia
row1624,10:01 28/07/2028 +08:00,Ipoh Malaysia
row1625,10:01 29/07/2028 +08:00,Ipoh Malaysia
row1626,10:01 30/07/2028 +08:00,Ipoh Malaysia
row1627,10:01 31/07/2028 +08:00,Ipoh Malaysia
row1628,10:01 01/08/2028 +08:00,Ipoh Malaysia
row1629,10:01 02/08/2028 +08:00,Ipoh Malaysia
row1630,10:01 03/08/2028 +08:00,Ipoh Malaysia
row1631,10:01 04/08/2028 +08:00,Ipoh Malaysia
row1632,10:01 05/08/2028 +08:00,Ipoh Malaysia
row1633,10:01 06/08/2028 +08:00,Ipoh Malaysia
row1634,10:01 07/08/2028 +08:00,Ipoh Malaysia
row1635,10:01 08/08/2028 +08:00,Ipoh Malaysia
row1636,10:01 09/08/2028 +08:00,Ipoh Malaysia
row1637,10:01 10/08/2028 +08:00,Ipoh Malaysia
row1638,10:01 11/08/2028 +08:00,Ipoh Malaysia
row1639,10:01 12/08/2028 +08:00,Ipoh Malaysia
row1640,10:01 13/08/2028 +08:00,Ipoh Malaysia
row1641,10:01 14/08/2028 +08:00,Ipoh Malaysia
row1642,10:01 15/08/2028 +08:00,Ipoh Malaysia
row1643,10:01 16/08/2028 +08:00,Ipoh Malaysia
row1644,10:01 17/08/2028 +08:00,Ipoh Malaysia
row1645,10:01 18/08/2028 +08:00,Ipoh Malaysia
row1646,10:01 19/08/2028 +08:00,Ipoh Malaysia
row1647,10:01 20/08/2028 +08:00,Ipoh Malaysia
row1648,10:01 21/08/2028 +08:00,Ipoh Malaysia
row1649,10:01 22/08/2028 +08:00,Ipoh Malaysia
row1650,10:01 23/08/2028 +08:00,Ipoh Malaysia
row1651,10:01 24/08/2028 +08:00,Ipoh Malaysia
row1652,10:01 25/08/2028 +08:00,Ipoh Malaysia
row1653,10:01 26/08/2028 +08:00,Ipoh Malaysia
row1654,10:01 27/08/2028 +08:00,Ipoh Malaysia
row1655,10:01 28/08/2028 +08:00,Ipoh Malaysia
row1656,10:01 29/08/2028 +08:00,Ipoh Malaysia
row1657,10:01 30/08/2028 +08:00,Ipoh Malaysia
row1658,10:01 31/08/2028 +08:00,Ipoh Malaysia
row1659,10:01 01/09/2028 +08:00,Ipoh Malaysia
row1660,10:01 02/09/2028 +08:00,Ipoh Malaysia
row1661,10:01 03/09/2028 +08:00,Ipoh Malaysia
row1662,10:01 04/09/2028 +08:00,Ipoh Malaysia
row1663,10:01 05/09/2028 +08:00,Ipoh Malaysia
row1664,10:01 06/09/2028 +08:00,Ipoh Malaysia
row1665,10:01 07/09/2028 +08:00,Ipoh Malaysia
row1666,10:01 08/09/2028 +08:00,Ipoh Malaysia
row1667,10:01 09/09/2028 +08:00,Ipoh Malaysia
row1668,10:01 10/09/2028 +08:00,Ipoh Malaysia
row1669,10:01 11/09/2028 +08:00,Ipoh Malaysia
row1670,10:01 12/09/2028 +08:00,Ipoh Malaysia
row1671,10:01 13/09/2028 +08:00,Ipoh Malaysia
row1672,10:01 14/09/2028 +08:00,Ipoh Malaysia
row1673,10:01 15/09/2028 +08:00,Ipoh Malaysia
row1674,10:01 16/09/2028 +08:00,Ipoh Malaysia
row1675,10:01 17/09/2028 +08:00,Ipoh Malaysia
row1676,10:01 18/09/2028 +08:00,Ipoh Malaysia
row1677,10:01 19/09/2028 +08:00,Ipoh Malaysia
row1678,10:01 20/09/2028 +08:00,Ipoh Malaysia
row1679,10:01 21/09/2028 +08:00,Ipoh Malaysia
row1680,10:01 22/09/2028 +08:00,Ipoh Malaysia
row1681,10:01 23/09/2028 +08:00,Ipoh Malaysia
row1682,10:01 24/09/2028 +08:00,Ipoh Malaysia
row1683,10:01 25/09/2028 +08:00,Ipoh Malaysia
row1684,10:01 26/09/2028 +08:00,Ipoh Malaysia
row1685,10:01 27/09/2028 +08:00,Ipoh Malaysia
row1686,10:01 28/09/2028 +08:00,Ipoh Malaysia
row1687,10:01 29/09/2028 +08:00,Ipoh Malaysia
row1688,10:01 30/09/2028 +08:00,Ipoh Malaysia
row1689,10:01 01/10/2028 +08:00,Ipoh Malaysia
row1690,10:01 02/10/2028 +08:00,Ipoh Malaysia
row1691,10:01 03/10/2028 +08:00,Ipoh Malaysia
row1692,10:01 04/10/2028 +08:00,Ipoh Malaysia
row1693,10:01 05/10/2028 +08:00,Ipoh Malaysia
row1694,10:01 06/10/2028 +08:00,Ipoh Malaysia
row1695,10:01 07/10/2028 +08:00,Ipoh Malaysia
row1696,10:01 08/10/2028 +08:00,Ipoh Malaysia
row1697,10:01 09/10/2028 +08:00,Ipoh Malaysia
row1698,10:01 10/10/2028 +08:00,Ipoh Malaysia
row1699,10:01 11/10/2028 +08:00,Ipoh Malaysia
row1700,10:01 12/10/2028 +08:00,Ipoh Malaysia
row1701,10:01 13/10/2028 +08:00,Ipoh Malaysia
row1702,10:01 14/10/2028 +08:00,Ipoh Malaysia
row1703,10:01 15/10/2028 +08:00,Ipoh Malaysia
row1704,10:01 16/10/2028 +08:00,Ipoh Malaysia
row1705,10:01 17/10/2028 +08:00,Ipoh Malaysia
row1706,10:01 18/10/2028 +08:00,Ipoh Malaysia
row1707,10:01 19/10/2028 +08:00,Ipoh Malaysia
row1708,10:01 20/10/2028 +08:00,Ipoh Malaysia
row1709,10:01 21/10/2028 +08:00,Ipoh Malaysia
row1710,10:01 22/10/2028 +08:00,Ipoh Malaysia
row1711,10:01 23/10/2028 +08:00,Ipoh Malaysia
row1712,10:01 24/10/2028 +08:00,Ipoh Malaysia
row1713,10:01 25/10/2028 +08:00,Ipoh Malaysia
row1714,10:01 26/10/2028 +08:00,Ipoh Malaysia
row1715,10:01 27/10/2028 +08:00,Ipoh Malaysia
row1716,10:01 28/10/2028 +08:00,Ipoh Malaysia
row1717,10:01 29/10/2028 +08:00,Ipoh Malaysia
row1718,10:01 30/10/2028 +08:00,Ipoh Malaysia
row1719,10:01 31/10/2028 +08:00,Ipoh Malaysia
row1720,10:01 01/11/2028 +08:00,Ipoh Malaysia
row1721,10:01 02/11/2028 +08:00,Ipoh Malaysia
row1722,10:01 03/11/2028 +08:00,Ipoh Malaysia
row1723,10:01 04/11/2028 +08:00,Ipoh Malaysia
row1724,10:01 05/11/2028 +08:00,Ipoh Malaysia
row1725,10:01 06/11/2028 +08:00,Ipoh Malaysia
row1726,10:01 07/11/2028 +08:00,Ipoh Malaysia
row1727,10:01 08/11/2028 +08:00,Ipoh Malaysia
row1728,10:01 09/11/2028 +08:00,Ipoh Malaysia
row1729,10:01 10/11/2028 +08:00,Ipoh Malaysia
row1730,10:01 11/11/2028 +08:00,Ipoh Malaysia
row1731,10:01 12/11/2028 +08:00,Ipoh Malaysia
row1732,10:01 13/11/2028 +08:00,Ipoh Malaysia
row1733,10:01 14/11/2028 +08:00,Ipoh Malaysia
row1734,10:01 15/11/2028 +08:00,Ipoh Malaysia
row1735,10:01 16/11/2028 +08:00,Ipoh Malaysia
row1736,10:01 17/11/2028 +08:00,Ipoh Malaysia
row1737,10:01 18/11/2028 +08:00,Ipoh Malaysia
row1738,10:01 19/11/2028 +08:00,Ipoh Malaysia
row1739,10:01 20/11/2028 +08:00,Ipoh Malaysia
row1740,10:01 21/11/2028 +08:00,Ipoh Malaysia
row1741,10:01 22/11/2028 +08:00,Ipoh Malaysia
row1742,10:01 23/11/2028 +08:00,Ipoh Malaysia
row1743,10:01 24/11/2028 +08:00,Ipoh Malaysia
row1744,10:01 25/11/2028 +08:00,Ipoh Malaysia
row1745,10:01 26/11/2028 +08:00,Ipoh Malaysia
row1746,10:01 27/11/2028 +08:00,Ipoh Malaysia
row1747,10:01 28/11/2028 +08:00,Ipoh Malaysia
row1748,10:01 29/11/2028 +08:00,Ipoh Malaysia
row1749,10:01 30/11/2028 +08:00,Ipoh Malaysia
row1750,10:01 01/12/2028 +08:00,Ipoh Malaysia
row1751,10:01 02/12/2028 +08:00,Ipoh Malaysia
row1752,10:01 03/12/2028 +08:00,Ipoh Malaysia
row1753,10:01 04/12/2028 +08:00,Ipoh Malaysia
row1754,10:01 05/12/2028 +08:00,Ipoh Malaysia
row1755,10:01 06/12/2028 +08:00,Ipoh Malaysia
row1756,10:01 07/12/2028 +08:00,Ipoh Malaysia
row1757,10:01 08/12/2028 +08:00,Ipoh Malaysia
row1758,10:01 09/12/2028 +08:00,Ipoh Malaysia
row1759,10:01 10/12/2028 +08:00,Ipoh Malaysia
row1760,10:01 11/12/2028 +08:00,Ipoh Malaysia
row1761,10:01 12/12/2028 +08:00,Ipoh Malaysia
row1762,10:01 13/12/2028 +08:00,Ipoh Malaysia
row1763,10:01 14/12/2028 +08:00,Ipoh Malaysia
row1764,10:01 15/12/2028 +08:00,Ipoh Malaysia
row1765,10:01 16/12/2028 +08:00,Ipoh Malaysia
row1766,10:01 17/12/2028 +08:00,Ipoh Malaysia
row1767,10:01 18/12/2028 +08:00,Ipoh Malaysia
row1768,10:01 19/12/2028 +08:00,Ipoh Malaysia
row1769,10:01 20/12/2028 +08:00,Ipoh Malaysia
row1770,10:01 21/12/2028 +08:00,Ipoh Malaysia
row1771,10:01 22/12/2028 +08:00,Ipoh Malaysia
row1772,10:01 23/12/2028 +08:00,Ipoh Malaysia
row1773,10:01 24/12/2028 +08:00,Ipoh Malaysia
row1774,10:01 25/12/2028 +08:00,Ipoh Malaysia
row1775,10:01 26/12/2028 +08:00,Ipoh Malaysia
row1776,10:01 27/12/2028 +08:00,Ipoh Malaysia
row1777,10:01 28/12/2028 +08:00,Ipoh Malaysia
row1778,10:01 29/12/2028 +08:00,Ipoh Malaysia
row1779,10:01 30/12/2028 +08:00,Ipoh Malaysia
row1780,10:01 31/12/2028 +08:00,Ipoh Malaysia
row1781,10:01 01/01/2029 +08:00,Ipoh Malaysia
row1782,10:01 02/01/2029 +08:00,Ipoh Malaysia
row1783,10:01 03/01/2029 +08:00,Ipoh Malaysia
row1784,10:01 04/01/2029 +08:00,Ipoh Malaysia
row1785,10:01 05/01/2029 +08:00,Ipoh Malaysia
row1786,10:01 06/01/2029 +08:00,Ipoh Malaysia
row1787,10:01 07/01/2029 +08:00,Ipoh Malaysia
row1788,10:01 08/01/2029 +08:00,Ipoh Malaysia
row1789,10:01 09/01/2029 +08:00,Ipoh Malaysia
row1790,10:01 10/01/2029 +08:00,Ipoh Malaysia
row1791,10:01 11/01/2029 +08:00,Ipoh Malaysia
row1792,10:01 12/01/2029 +08:00,Ipoh Malaysia
row1793,10:01 13/01/2029 +08:00,Ipoh Malaysia
row1794,10:01 14/01/2029 +08:00,Ipoh Malaysia
row1795,10:01 15/01/2029 +08:00,Ipoh Malaysia
row1796,10:01 16/01/2029 +08:00,Ipoh Malaysia
row1797,10:01 17/01/2029 +08:00,Ipoh Malaysia
row1798,10:01 18/01/2029 +08:00,Ipoh Malaysia
row1799,10:01 19/01/2029 +08:00,Ipoh Malaysia
row1800,10:01 20/01/2029 +08:00,Ipoh Malaysia
row1801,10:01 21/01/2029 +08:00,Ipoh Malaysia
row1802,10:01 22/01/2029 +08:00,Ipoh Malaysia
row1803,10:01 23/01/2029 +08:00,Ipoh Malaysia
row1804,10:01 24/01/2029 +08:00,Ipoh Malaysia
row1805,10:01 25/01/2029 +08:00,Ipoh Malaysia
row1806,10:01 26/01/2029 +08:00,Ipoh Malaysia
row1807,10:01 27/01/2029 +08:00,Ipoh Malaysia
row1808,10:01 28/01/2029 +08:00,Ipoh Malaysia
row1809,10:01 29/01/2029 +08:00,Ipoh Malaysia
row1810,10:01 30/01/2029 +08:00,Ipoh Malaysia
row1811,10:01 31/01/2029 +08:00,Ipoh Malaysia
row1812,10:01 01/02/2029 +08:00,Ipoh Malaysia
row1813,10:01 02/02/2029 +08:00,Ipoh Malaysia
row1814,10:01 03/02/2029 +08:00,Ipoh Malaysia
row1815,10:01 04/02/2029 +08:00,Ipoh Malaysia
row1816,10:01 05/02/2029 +08:00,Ipoh Malaysia
row1817,10:01 06/02/2029 +08:00,Ipoh Malaysia
row1818,10:01 07/02/2029 +08:00,Ipoh Malaysia
row1819,10:01 08/02/2029 +08:00,Ipoh Malaysia
row1820,10:01 09/02/2029 +08:00,Ipoh Malaysia
row1821,10:01 10/02/2029 +08:00,Ipoh Malaysia
row1822,10:01 11/02/2029 +08:00,Ipoh Malaysia
row1823,10:01 12/02/2029 +08:00,Ipoh Malaysia
row1824,10:01 13/02/2029 +08:00,Ipoh Malaysia
row1825,10:01 14/02/2029 +08:00,Ipoh Malaysia
